Id,ActivityDate,TotalSteps,TotalDistanceKm,TrackerDistanceKm,LoggedActivitiesDistanceKm,VeryActiveDistanceKm,ModeratelyActiveDistanceKm,LightActiveDistanceKm,SedentaryActiveDistanceKm,VeryActiveMinutes,FairlyActiveMinutes,LightlyActiveMinutes,SedentaryMinutes,Calories
1503960366,2016-12-04,13162,"13,68","13,68","0,00","3,03","0,89","9,75","0,00",25,13,328,728,1985
1503960366,2016-04-13,10735,"11,22","11,22","0,00","2,53","1,11","7,58","0,00",21,19,217,776,1797
1503960366,2016-04-14,10460,"10,85","10,85","0,00","3,93","0,64","6,29","0,00",30,11,181,1218,1776
1503960366,2016-04-15,9762,"10,11","10,11","0,00","3,44","2,03","4,55","0,00",29,34,209,726,1745
1503960366,2016-04-16,12669,"13,13","13,13","0,00","4,36","0,66","8,11","0,00",36,10,221,773,1863
1503960366,2016-04-17,9705,"10,43","10,43","0,00","5,13","1,26","4,04","0,00",38,20,164,539,1728
1503960366,2016-04-18,13019,"13,82","13,82","0,00","5,23","1,03","7,58","0,00",42,16,233,1149,1921
1503960366,2016-04-19,15506,"15,90","15,90","0,00","5,68","2,12","8,09","0,00",50,31,264,775,2035
1503960366,2016-04-20,10544,"10,75","10,75","0,00","3,15","0,77","6,82","0,00",28,12,205,818,1786
1503960366,2016-04-21,9819,"10,20","10,20","0,00","2,16","0,56","7,48","0,00",19,8,211,838,1775
1503960366,2016-04-22,12764,"13,08","13,08","0,00","7,66","1,80","3,60","0,00",66,27,130,1217,1827
1503960366,2016-04-23,14371,"14,55","14,55","0,00","4,52","1,40","8,63","0,00",41,21,262,732,1949
1503960366,2016-04-24,10039,"10,32","10,32","0,00","4,70","0,34","5,28","0,00",39,5,238,709,1788
1503960366,2016-04-25,15355,"15,77","15,77","0,00","8,51","0,92","6,34","0,00",73,14,216,814,2013
1503960366,2016-04-26,13755,"14,15","14,15","0,00","3,75","1,48","8,92","0,00",31,23,279,833,1970
1503960366,2016-04-27,18134,"19,65","19,65","0,00","10,30","0,66","8,71","0,00",78,11,243,1108,2159
1503960366,2016-04-28,13154,"13,73","13,73","0,00","5,70","1,87","6,10","0,00",48,28,189,782,1898
1503960366,2016-04-29,11181,"11,51","11,51","0,00","1,71","0,80","8,98","0,00",16,12,243,815,1837
1503960366,2016-04-30,14673,"14,89","14,89","0,00","5,73","2,29","6,87","0,00",52,34,217,712,1947
1503960366,2016-01-05,10602,"10,96","10,96","0,00","3,69","2,57","4,70","0,00",33,35,246,730,1820
1503960366,2016-02-05,14727,"15,63","15,63","0,00","5,17","0,92","9,53","0,00",41,15,277,798,2004
1503960366,2016-03-05,15103,"15,55","15,55","0,00","6,00","1,69","7,85","0,00",50,24,254,816,1990
1503960366,2016-04-05,11100,"11,51","11,51","0,00","3,96","1,40","6,15","0,00",36,22,203,1179,1819
1503960366,2016-05-05,14070,"14,32","14,32","0,00","4,70","1,74","7,85","0,00",45,24,250,857,1959
1503960366,2016-06-05,12159,"12,92","12,92","0,00","3,17","0,40","9,35","0,00",24,6,289,754,1896
1503960366,2016-07-05,11992,"12,41","12,41","0,00","3,96","3,41","5,04","0,00",37,46,175,833,1821
1503960366,2016-08-05,10060,"10,59","10,59","0,00","5,68","0,51","4,39","0,00",44,8,203,574,1740
1503960366,2016-09-05,12022,"12,42","12,42","0,00","5,55","0,85","6,02","0,00",46,11,206,835,1819
1503960366,2016-10-05,12207,"12,50","12,50","0,00","5,39","1,87","5,25","0,00",46,31,214,746,1859
1503960366,2016-11-05,12770,"13,08","13,08","0,00","4,12","1,63","7,32","0,00",36,23,251,669,1783
1503960366,2016-12-05,0,"0,00","0,00","0,00","0,00","0,00","0,00","0,00",0,0,0,1440,0
1624580081,2016-12-04,8163,"8,55","8,55","0,00","0,00","0,00","8,55","0,00",0,0,146,1294,1432
1624580081,2016-04-13,7007,"7,32","7,32","0,00","0,00","0,00","7,32","0,00",0,0,148,1292,1411
1624580081,2016-04-14,9107,"9,53","9,53","0,00","0,00","0,00","9,51","0,02",0,0,236,1204,1572
1624580081,2016-04-15,1510,"1,58","1,58","0,00","0,00","0,00","1,56","0,00",0,0,96,1344,1344
1624580081,2016-04-16,5370,"5,62","5,62","0,00","0,00","0,00","5,62","0,00",0,0,176,1264,1463
1624580081,2016-04-17,6175,"6,53","6,53","0,00","1,66","2,45","2,40","0,02",15,22,127,1276,1554
1624580081,2016-04-18,10536,"11,93","11,93","0,00","3,46","1,00","7,44","0,02",17,7,202,1214,1604
1624580081,2016-04-19,2916,"3,06","3,06","0,00","0,00","0,00","3,06","0,00",0,0,141,1299,1435
1624580081,2016-04-20,4974,"5,20","5,20","0,00","0,00","0,00","5,20","0,00",0,0,151,1289,1446
1624580081,2016-04-21,6349,"6,65","6,65","0,00","0,00","0,00","6,61","0,03",0,0,186,1254,1467
1624580081,2016-04-22,4026,"4,22","4,22","0,00","0,00","0,00","4,18","0,00",0,0,199,1241,1470
1624580081,2016-04-23,8538,"8,93","8,93","0,00","0,00","0,00","8,92","0,02",0,0,227,1213,1562
1624580081,2016-04-24,6076,"6,36","6,36","0,00","1,85","1,46","3,04","0,00",16,18,185,1221,1617
1624580081,2016-04-25,6497,"6,79","6,79","0,00","0,00","0,00","6,76","0,03",0,0,202,1238,1492
1624580081,2016-04-26,2826,"2,96","2,96","0,00","0,00","0,00","2,95","0,02",0,0,140,1300,1402
1624580081,2016-04-27,8367,"8,75","8,75","0,00","1,79","3,01","3,96","0,00",17,36,154,1233,1670
1624580081,2016-04-28,2759,"2,88","2,88","0,00","0,00","0,32","2,57","0,00",0,5,115,1320,1401
1624580081,2016-04-29,2390,"2,49","2,49","0,00","0,00","0,00","2,49","0,00",0,0,150,1290,1404
1624580081,2016-04-30,6474,"6,92","6,92","0,00","1,45","2,06","3,41","0,02",11,23,224,1182,1655
1624580081,2016-01-05,36019,"45,11","45,11","0,00","35,28","6,74","3,07","0,03",186,63,171,1020,2690
1624580081,2016-02-05,7155,"7,93","7,93","0,00","1,38","0,95","5,58","0,00",7,6,166,1261,1497
1624580081,2016-03-05,2100,"2,20","2,20","0,00","0,00","0,00","2,16","0,03",0,0,96,1344,1334
1624580081,2016-04-05,2193,"2,30","2,30","0,00","0,00","0,00","2,29","0,00",0,0,118,1322,1368
1624580081,2016-05-05,2470,"2,59","2,59","0,00","0,00","0,00","2,54","0,03",0,0,117,1323,1370
1624580081,2016-06-05,1727,"1,80","1,80","0,00","0,00","0,00","1,80","0,02",0,0,102,1338,1341
1624580081,2016-07-05,2104,"2,20","2,20","0,00","0,00","0,00","2,20","0,00",0,0,182,1258,1474
1624580081,2016-08-05,3427,"3,59","3,59","0,00","0,00","0,00","3,57","0,00",0,0,152,1288,1427
1624580081,2016-09-05,1732,"1,82","1,82","0,00","0,00","0,00","1,82","0,00",0,0,91,1349,1328
1624580081,2016-10-05,2969,"3,11","3,11","0,00","0,00","0,00","3,09","0,02",0,0,139,1301,1393
1624580081,2016-11-05,3134,"3,28","3,28","0,00","0,00","0,00","3,28","0,00",0,0,112,1328,1359
1624580081,2016-12-05,2971,"3,11","3,11","0,00","0,00","0,00","3,09","0,02",0,0,107,890,1002
1644430081,2016-12-04,10694,"12,50","12,50","0,00","0,23","3,70","8,58","0,00",2,51,256,1131,3199
1644430081,2016-04-13,8001,"9,37","9,37","0,00","3,67","1,45","4,25","0,00",30,16,135,1259,2902
1644430081,2016-04-14,11037,"12,91","12,91","0,00","0,58","4,12","8,21","0,00",5,58,252,1125,3226
1644430081,2016-04-15,5263,"6,16","6,16","0,00","0,35","0,24","5,55","0,00",3,4,170,1263,2750
1644430081,2016-04-16,15300,"17,90","17,90","0,00","6,60","3,03","8,19","0,00",51,42,212,1135,3493
1644430081,2016-04-17,8757,"10,25","10,25","0,00","3,62","0,92","5,71","0,00",29,13,186,1212,3011
1644430081,2016-04-18,7132,"8,35","8,35","0,00","1,72","2,69","3,94","0,00",15,33,121,1271,2806
1644430081,2016-04-19,11256,"13,16","13,16","0,00","0,58","4,07","8,53","0,00",5,58,278,1099,3300
1644430081,2016-04-20,2436,"2,85","2,85","0,00","0,00","0,00","2,83","0,02",0,0,125,1315,2430
1644430081,2016-04-21,1223,"1,43","1,43","0,00","0,00","0,00","1,42","0,02",0,0,38,1402,2140
1644430081,2016-04-22,3673,"4,30","4,30","0,00","0,00","0,00","4,28","0,02",0,0,86,1354,2344
1644430081,2016-04-23,6637,"7,77","7,77","0,00","0,00","0,93","6,84","0,00",0,15,160,1265,2677
1644430081,2016-04-24,3321,"3,88","3,88","0,00","0,00","0,00","3,88","0,00",0,0,89,1351,2413
1644430081,2016-04-25,3580,"4,18","4,18","0,00","0,95","0,10","3,14","0,00",8,1,94,1337,2497
1644430081,2016-04-26,9919,"11,60","11,60","0,00","1,29","2,77","7,55","0,00",11,41,223,1165,3123
1644430081,2016-04-27,3032,"3,54","3,54","0,00","0,00","0,00","3,54","0,00",0,0,118,1322,2489
1644430081,2016-04-28,9405,"11,01","11,01","0,00","0,32","3,73","6,94","0,00",3,53,227,1157,3108
1644430081,2016-04-29,3176,"3,72","3,72","0,00","0,00","0,00","3,72","0,00",0,0,120,1193,2498
1644430081,2016-04-30,18213,"21,31","21,31","0,00","1,01","5,05","15,22","0,00",9,71,402,816,3846
1644430081,2016-01-05,6132,"7,18","7,18","0,00","0,39","1,59","5,20","0,00",3,24,146,908,2696
1644430081,2016-02-05,3758,"4,39","4,39","0,00","0,11","0,50","3,78","0,00",1,7,148,682,2580
1644430081,2016-03-05,12850,"15,03","15,03","0,00","1,16","6,58","7,31","0,00",10,94,221,1115,3324
1644430081,2016-04-05,2309,"2,70","2,70","0,00","0,00","0,00","2,67","0,03",0,0,52,1388,2222
1644430081,2016-05-05,4363,"5,13","5,13","0,00","0,84","0,87","3,43","0,02",6,12,81,1341,2463
1644430081,2016-06-05,9787,"11,46","11,46","0,00","1,32","0,43","9,67","0,03",11,6,369,1054,3328
1644430081,2016-07-05,13372,"15,64","15,64","0,00","5,25","1,27","9,12","0,02",41,17,243,1139,3404
1644430081,2016-08-05,6724,"7,87","7,87","0,00","0,00","0,00","7,85","0,00",0,0,295,991,2987
1644430081,2016-09-05,6643,"7,77","7,77","0,00","3,85","0,56","3,36","0,02",32,6,303,1099,3008
1644430081,2016-10-05,9167,"10,72","10,72","0,00","1,42","1,30","8,00","0,02",12,19,155,1254,2799
1644430081,2016-11-05,1329,"1,56","1,56","0,00","0,00","0,00","1,53","0,02",0,0,49,713,1276
1844505072,2016-12-04,6697,"7,13","7,13","0,00","0,00","0,00","7,13","0,00",0,0,339,1101,2030
1844505072,2016-04-13,4929,"5,25","5,25","0,00","0,00","0,00","5,25","0,00",0,0,248,1192,1860
1844505072,2016-04-14,7937,"8,45","8,45","0,00","0,00","0,00","8,42","0,00",0,0,373,843,2130
1844505072,2016-04-15,3844,"4,09","4,09","0,00","0,00","0,00","4,09","0,00",0,0,176,527,1725
1844505072,2016-04-16,3414,"3,64","3,64","0,00","0,00","0,00","3,64","0,00",0,0,147,1293,1657
1844505072,2016-04-17,4525,"4,81","4,81","0,00","0,23","0,42","4,17","0,00",2,8,199,1231,1793
1844505072,2016-04-18,4597,"4,89","4,89","0,00","0,00","0,77","4,12","0,00",0,12,217,1211,1814
1844505072,2016-04-19,197,"0,21","0,21","0,00","0,00","0,00","0,21","0,00",0,0,10,1430,1366
1844505072,2016-04-20,8,"0,02","0,02","0,00","0,00","0,00","0,02","0,00",0,0,1,1439,1349
1844505072,2016-04-21,8054,"8,56","8,56","0,00","0,19","0,84","7,53","0,00",2,13,308,1117,2062
1844505072,2016-04-22,5372,"5,71","5,71","0,00","0,00","0,00","5,71","0,00",0,0,220,1220,1827
1844505072,2016-04-23,3570,"3,80","3,80","0,00","0,00","0,00","3,80","0,00",0,0,139,1301,1645
1844505072,2016-04-24,0,"0,00","0,00","0,00","0,00","0,00","0,00","0,00",0,0,0,1440,1347
1844505072,2016-04-25,0,"0,00","0,00","0,00","0,00","0,00","0,00","0,00",0,0,0,1440,1347
1844505072,2016-04-26,0,"0,00","0,00","0,00","0,00","0,00","0,00","0,00",0,0,0,1440,1347
1844505072,2016-04-27,4,"0,00","0,00","0,00","0,00","0,00","0,00","0,00",0,0,1,1439,1348
1844505072,2016-04-28,6907,"7,35","7,35","0,00","0,00","0,00","7,34","0,00",0,0,302,1138,1992
1844505072,2016-04-29,4920,"5,23","5,23","0,00","0,00","0,00","5,23","0,00",0,0,247,1082,1856
1844505072,2016-04-30,4014,"4,30","4,30","0,00","0,00","0,00","4,26","0,00",0,0,184,218,1763
1844505072,2016-01-05,2573,"2,74","2,74","0,00","0,00","0,42","2,33","0,00",0,7,75,585,1541
1844505072,2016-02-05,0,"0,00","0,00","0,00","0,00","0,00","0,00","0,00",0,0,0,1440,1348
1844505072,2016-03-05,4059,"4,31","4,31","0,00","0,00","0,00","4,31","0,00",0,0,184,1256,1742
1844505072,2016-04-05,2080,"2,20","2,20","0,00","0,00","0,00","2,20","0,00",0,0,87,1353,1549
1844505072,2016-05-05,2237,"2,38","2,38","0,00","0,00","0,00","2,38","0,00",0,0,120,1320,1589
1844505072,2016-06-05,44,"0,05","0,05","0,00","0,00","0,00","0,05","0,00",0,0,2,1438,1351
1844505072,2016-07-05,0,"0,00","0,00","0,00","0,00","0,00","0,00","0,00",0,0,0,1440,1347
1844505072,2016-08-05,0,"0,00","0,00","0,00","0,00","0,00","0,00","0,00",0,0,0,1440,1347
1844505072,2016-09-05,0,"0,00","0,00","0,00","0,00","0,00","0,00","0,00",0,0,0,1440,1347
1844505072,2016-10-05,0,"0,00","0,00","0,00","0,00","0,00","0,00","0,00",0,0,0,1440,1347
1844505072,2016-11-05,0,"0,00","0,00","0,00","0,00","0,00","0,00","0,00",0,0,0,1440,1347
1844505072,2016-12-05,0,"0,00","0,00","0,00","0,00","0,00","0,00","0,00",0,0,0,711,665
1927972279,2016-12-04,678,"0,76","0,76","0,00","0,00","0,00","0,76","0,00",0,0,55,734,2220
1927972279,2016-04-13,356,"0,40","0,40","0,00","0,00","0,00","0,40","0,00",0,0,32,986,2151
1927972279,2016-04-14,2163,"2,41","2,41","0,00","0,00","0,64","1,77","0,00",0,9,88,1292,2383
1927972279,2016-04-15,980,"1,09","1,09","0,00","0,00","0,00","1,09","0,00",0,0,51,941,2221
1927972279,2016-04-16,0,"0,00","0,00","0,00","0,00","0,00","0,00","0,00",0,0,0,1440,2064
1927972279,2016-04-17,0,"0,00","0,00","0,00","0,00","0,00","0,00","0,00",0,0,0,1440,2063
1927972279,2016-04-18,244,"0,27","0,27","0,00","0,00","0,00","0,27","0,00",0,0,17,1423,2111
1927972279,2016-04-19,0,"0,00","0,00","0,00","0,00","0,00","0,00","0,00",0,0,0,1440,2063
1927972279,2016-04-20,0,"0,00","0,00","0,00","0,00","0,00","0,00","0,00",0,0,0,1440,2063
1927972279,2016-04-21,0,"0,00","0,00","0,00","0,00","0,00","0,00","0,00",0,0,0,1440,2064
1927972279,2016-04-22,149,"0,16","0,16","0,00","0,00","0,00","0,16","0,00",0,0,10,1430,2093
1927972279,2016-04-23,2945,"3,28","3,28","0,00","0,00","0,00","3,28","0,00",0,0,145,1295,2499
1927972279,2016-04-24,2090,"2,33","2,33","0,00","0,11","0,39","1,83","0,00",1,6,75,1358,2324
1927972279,2016-04-25,152,"0,18","0,18","0,00","0,00","0,00","0,18","0,00",0,0,12,1303,2100
1927972279,2016-04-26,3761,"4,18","4,18","0,00","0,00","0,00","4,18","0,00",0,0,192,1058,2638
1927972279,2016-04-27,0,"0,00","0,00","0,00","0,00","0,00","0,00","0,00",0,0,0,1440,2063
1927972279,2016-04-28,1675,"1,87","1,87","0,00","0,00","0,00","1,87","0,00",0,0,95,1167,2351
1927972279,2016-04-29,0,"0,00","0,00","0,00","0,00","0,00","0,00","0,00",0,0,0,1440,2063
1927972279,2016-04-30,0,"0,00","0,00","0,00","0,00","0,00","0,00","0,00",0,0,0,1440,2064
1927972279,2016-01-05,2704,"3,01","3,01","0,00","1,63","0,05","1,34","0,00",14,1,70,1355,2411
1927972279,2016-02-05,3790,"4,22","4,22","0,00","1,87","0,48","1,87","0,00",16,8,94,1322,2505
1927972279,2016-03-05,1326,"1,48","1,48","0,00","1,17","0,00","0,29","0,00",10,0,17,1413,2195
1927972279,2016-04-05,1786,"2,00","2,00","0,00","0,00","0,00","2,00","0,00",0,0,87,1353,2338
1927972279,2016-05-05,0,"0,00","0,00","0,00","0,00","0,00","0,00","0,00",0,0,0,1440,2063
1927972279,2016-06-05,2091,"2,33","2,33","0,00","0,00","0,00","2,33","0,00",0,0,108,1332,2383
1927972279,2016-07-05,1510,"1,67","1,67","0,00","0,00","0,00","1,67","0,00",0,0,48,1392,2229
1927972279,2016-08-05,0,"0,00","0,00","0,00","0,00","0,00","0,00","0,00",0,0,0,1440,2063
1927972279,2016-09-05,0,"0,00","0,00","0,00","0,00","0,00","0,00","0,00",0,0,0,1440,2063
1927972279,2016-10-05,0,"0,00","0,00","0,00","0,00","0,00","0,00","0,00",0,0,0,1440,2063
1927972279,2016-11-05,0,"0,00","0,00","0,00","0,00","0,00","0,00","0,00",0,0,0,1440,2063
1927972279,2016-12-05,0,"0,00","0,00","0,00","0,00","0,00","0,00","0,00",0,0,0,966,1383
2022484408,2016-12-04,11875,"13,42","13,42","0,00","5,33","1,24","6,86","0,00",42,14,227,1157,2390
2022484408,2016-04-13,12024,"13,68","13,68","0,00","4,81","0,16","8,71","0,00",43,5,292,1100,2601
2022484408,2016-04-14,10690,"12,07","12,07","0,00","3,99","0,34","7,76","0,00",32,3,257,1148,2312
2022484408,2016-04-15,11034,"12,92","12,92","0,00","3,12","0,50","9,30","0,00",27,9,282,1122,2525
2022484408,2016-04-16,10100,"11,41","11,41","0,00","5,07","0,89","5,46","0,00",41,11,151,1237,2177
2022484408,2016-04-17,15112,"18,35","18,35","0,00","6,23","1,06","11,07","0,00",28,29,331,1052,2782
2022484408,2016-04-18,14131,"16,21","16,21","0,00","5,86","0,19","10,14","0,00",48,3,311,1078,2770
2022484408,2016-04-19,11548,"13,73","13,73","0,00","5,29","0,39","8,05","0,00",31,7,250,1152,2489
2022484408,2016-04-20,15112,"17,17","17,17","0,00","5,38","3,11","8,69","0,00",48,63,276,1053,2897
2022484408,2016-04-21,12453,"14,07","14,07","0,00","5,36","1,79","6,94","0,00",104,53,255,1028,3158
2022484408,2016-04-22,12954,"15,02","15,02","0,00","7,13","0,68","7,19","0,00",52,10,273,1105,2638
2022484408,2016-04-23,6001,"6,78","6,78","0,00","0,00","0,00","6,78","0,00",0,0,249,1191,2069
2022484408,2016-04-24,13481,"16,54","16,54","0,00","7,32","1,85","7,37","0,00",37,26,216,1161,2529
2022484408,2016-04-25,11369,"12,89","12,89","0,00","5,36","0,35","7,18","0,00",44,8,217,1171,2470
2022484408,2016-04-26,10119,"11,57","11,57","0,00","2,30","1,06","8,22","0,00",55,24,275,1086,2793
2022484408,2016-04-27,10159,"11,47","11,47","0,00","1,67","1,56","8,24","0,00",19,20,282,1119,2463
2022484408,2016-04-28,10140,"11,46","11,46","0,00","0,66","2,14","8,67","0,00",6,20,291,1123,2296
2022484408,2016-04-29,10245,"11,57","11,57","0,00","0,77","1,95","8,85","0,00",21,40,281,1098,2611
2022484408,2016-04-30,18387,"20,78","20,78","0,00","1,51","2,25","17,01","0,00",13,23,361,1043,2732
2022484408,2016-01-05,10538,"11,91","11,91","0,00","3,12","1,54","7,24","0,00",25,28,245,1142,2380
2022484408,2016-02-05,10379,"11,73","11,73","0,00","4,20","0,55","6,97","0,00",36,8,277,1119,2473
2022484408,2016-03-05,12183,"14,07","14,07","0,00","6,42","0,74","6,89","0,00",72,14,250,1104,2752
2022484408,2016-04-05,11768,"13,34","13,34","0,00","4,04","1,50","7,81","0,00",36,27,272,1105,2649
2022484408,2016-05-05,11895,"13,44","13,44","0,00","4,49","1,38","7,56","0,00",55,20,253,1112,2609
2022484408,2016-06-05,10227,"11,56","11,56","0,00","3,01","1,08","7,47","0,00",24,17,295,1104,2498
2022484408,2016-07-05,6708,"7,58","7,58","0,00","2,59","0,13","4,86","0,00",20,2,149,1269,1995
2022484408,2016-08-05,3292,"3,72","3,72","0,00","0,00","0,00","3,72","0,00",0,0,135,1305,1848
2022484408,2016-09-05,13379,"15,11","15,11","0,00","3,41","2,62","9,08","0,00",35,47,297,1061,2709
2022484408,2016-10-05,12798,"14,45","14,45","0,00","3,57","1,95","8,95","0,00",57,28,271,1084,2797
2022484408,2016-11-05,13272,"15,00","15,00","0,00","6,73","1,85","6,42","0,00",58,25,224,1133,2544
2022484408,2016-12-05,9117,"10,32","10,32","0,00","2,06","1,08","7,15","0,00",16,16,236,728,1853
2026352035,2016-12-04,4414,"4,41","4,41","0,00","0,31","0,56","3,54","0,00",3,8,181,706,1459
2026352035,2016-04-13,4993,"4,99","4,99","0,00","0,00","0,00","4,99","0,00",0,0,238,663,1521
2026352035,2016-04-14,3335,"3,33","3,33","0,00","0,00","0,00","3,30","0,00",0,0,197,653,1431
2026352035,2016-04-15,3821,"3,81","3,81","0,00","0,00","0,00","3,81","0,00",0,0,188,687,1444
2026352035,2016-04-16,2547,"2,54","2,54","0,00","0,00","0,00","2,54","0,00",0,0,150,728,1373
2026352035,2016-04-17,838,"0,84","0,84","0,00","0,00","0,00","0,84","0,00",0,0,60,1053,1214
2026352035,2016-04-18,3325,"3,32","3,32","0,00","0,00","0,00","3,32","0,00",0,0,182,1062,1419
2026352035,2016-04-19,2424,"2,41","2,41","0,00","0,00","0,00","2,41","0,00",0,0,141,785,1356
2026352035,2016-04-20,7222,"7,21","7,21","0,00","0,00","0,00","7,21","0,00",0,0,327,623,1667
2026352035,2016-04-21,2467,"2,46","2,46","0,00","0,00","0,00","2,46","0,00",0,0,153,749,1370
2026352035,2016-04-22,2915,"2,91","2,91","0,00","0,00","0,00","2,91","0,00",0,0,162,712,1399
2026352035,2016-04-23,12357,"12,41","12,41","0,00","0,00","0,00","12,41","0,00",0,0,432,458,1916
2026352035,2016-04-24,3490,"3,48","3,48","0,00","0,00","0,00","3,48","0,00",0,0,164,704,1401
2026352035,2016-04-25,6017,"6,00","6,00","0,00","0,00","0,00","6,00","0,00",0,0,260,821,1576
2026352035,2016-04-26,5933,"5,92","5,92","0,00","0,00","0,00","5,92","0,00",0,0,288,1018,1595
2026352035,2016-04-27,6088,"6,07","6,07","0,00","0,00","0,00","6,07","0,00",0,0,286,586,1593
2026352035,2016-04-28,6375,"6,36","6,36","0,00","0,00","0,00","6,36","0,00",0,0,331,626,1649
2026352035,2016-04-29,7604,"7,58","7,58","0,00","0,00","0,00","7,58","0,00",0,0,352,492,1692
2026352035,2016-04-30,4729,"4,72","4,72","0,00","0,00","0,00","4,72","0,00",0,0,233,594,1506
2026352035,2016-01-05,3609,"3,67","3,67","0,00","0,00","0,00","3,67","0,00",0,0,191,716,1447
2026352035,2016-02-05,7018,"7,00","7,00","0,00","0,00","0,00","7,00","0,00",0,0,355,716,1690
2026352035,2016-03-05,5992,"5,99","5,99","0,00","0,00","0,00","5,99","0,00",0,0,304,981,1604
2026352035,2016-04-05,6564,"6,55","6,55","0,00","0,00","0,00","6,55","0,00",0,0,345,530,1658
2026352035,2016-05-05,12167,"12,13","12,13","0,00","0,00","0,00","12,13","0,00",0,0,475,479,1926
2026352035,2016-06-05,8198,"8,18","8,18","0,00","0,00","0,00","8,18","0,00",0,0,383,511,1736
2026352035,2016-07-05,4193,"4,18","4,18","0,00","0,00","0,00","4,18","0,00",0,0,229,665,1491
2026352035,2016-08-05,5528,"5,55","5,55","0,00","0,00","0,00","5,55","0,00",0,0,258,610,1555
2026352035,2016-09-05,10685,"10,65","10,65","0,00","0,00","0,00","10,62","0,00",0,0,401,543,1869
2026352035,2016-10-05,254,"0,26","0,26","0,00","0,00","0,00","0,26","0,00",0,0,17,1002,1141
2026352035,2016-11-05,8580,"8,56","8,56","0,00","0,00","0,00","8,56","0,00",0,0,330,569,1698
2026352035,2016-12-05,8891,"8,87","8,87","0,00","0,00","0,00","8,87","0,00",0,0,343,330,1364
2320127002,2016-12-04,10725,"12,05","12,05","0,00","1,88","0,50","9,67","0,00",13,9,306,1112,2124
2320127002,2016-04-13,7275,"7,89","7,89","0,00","0,00","0,00","7,89","0,00",0,0,335,1105,2003
2320127002,2016-04-14,3973,"4,31","4,31","0,00","0,00","0,00","4,31","0,00",0,0,191,1249,1696
2320127002,2016-04-15,5205,"5,65","5,65","0,00","0,00","0,00","5,65","0,00",0,0,245,1195,1801
2320127002,2016-04-16,5057,"5,49","5,49","0,00","0,00","0,00","5,47","0,00",0,0,195,1245,1724
2320127002,2016-04-17,6198,"6,73","6,73","0,00","0,00","0,00","6,73","0,00",0,0,249,1191,1852
2320127002,2016-04-18,6559,"7,11","7,11","0,00","0,00","0,42","6,66","0,00",0,7,260,1173,1905
2320127002,2016-04-19,5997,"6,50","6,50","0,00","0,00","0,61","5,89","0,00",0,11,228,1201,1811
2320127002,2016-04-20,7192,"7,81","7,81","0,00","0,00","0,79","6,98","0,00",0,11,283,1146,1922
2320127002,2016-04-21,3404,"3,69","3,69","0,00","0,10","0,68","2,91","0,00",1,10,127,1302,1610
2320127002,2016-04-22,5583,"6,05","6,05","0,00","0,00","0,00","6,05","0,00",0,0,266,1174,1851
2320127002,2016-04-23,5079,"5,50","5,50","0,00","0,00","0,00","5,50","0,00",0,0,242,1129,1804
2320127002,2016-04-24,4165,"4,52","4,52","0,00","0,00","0,00","4,51","0,00",0,0,204,1236,1725
2320127002,2016-04-25,3588,"3,89","3,89","0,00","0,37","0,32","3,20","0,00",3,5,152,1280,1654
2320127002,2016-04-26,3409,"3,70","3,70","0,00","0,00","0,00","3,70","0,00",0,0,147,1293,1632
2320127002,2016-04-27,1715,"1,87","1,87","0,00","0,00","0,00","1,87","0,00",0,0,82,1358,1481
2320127002,2016-04-28,1532,"1,66","1,66","0,00","0,00","0,00","1,66","0,00",0,0,76,1364,1473
2320127002,2016-04-29,924,"1,00","1,00","0,00","0,00","0,00","1,00","0,00",0,0,45,1395,1410
2320127002,2016-04-30,4571,"4,96","4,96","0,00","0,00","0,00","4,94","0,00",0,0,234,1206,1779
2320127002,2016-01-05,772,"0,84","0,84","0,00","0,00","0,00","0,84","0,00",0,0,40,1400,1403
2320127002,2016-02-05,3634,"3,94","3,94","0,00","0,58","0,34","3,03","0,00",5,6,123,1306,1613
2320127002,2016-03-05,7443,"8,08","8,08","0,00","2,40","0,60","5,09","0,00",20,10,206,1204,1878
2320127002,2016-04-05,1201,"1,30","1,30","0,00","0,00","0,00","1,30","0,00",0,0,52,1388,1426
2320127002,2016-05-05,5202,"5,65","5,65","0,00","0,00","0,63","5,01","0,00",0,11,223,1206,1780
2320127002,2016-06-05,4878,"5,29","5,29","0,00","0,00","0,00","5,29","0,00",0,0,204,1236,1742
2320127002,2016-07-05,7379,"8,00","8,00","0,00","0,00","0,00","8,00","0,00",0,0,319,1121,1972
2320127002,2016-08-05,5161,"5,60","5,60","0,00","0,00","0,00","5,58","0,00",0,0,247,1193,1821
2320127002,2016-09-05,3090,"3,35","3,35","0,00","0,00","0,00","3,35","0,00",0,0,145,1295,1630
2320127002,2016-10-05,6227,"6,76","6,76","0,00","0,00","0,00","6,76","0,00",0,0,290,1150,1899
2320127002,2016-11-05,6424,"6,97","6,97","0,00","0,00","0,00","6,97","0,00",0,0,300,1140,1903
2320127002,2016-12-05,2661,"2,88","2,88","0,00","0,00","0,00","2,88","0,00",0,0,128,830,1125
2347167796,2016-12-04,10113,"10,99","10,99","0,00","3,22","1,00","6,76","0,00",28,13,320,964,2344
2347167796,2016-04-13,10352,"11,28","11,28","0,00","2,67","3,12","5,49","0,00",19,32,195,676,2038
2347167796,2016-04-14,10129,"10,78","10,78","0,00","0,03","4,41","6,34","0,00",1,48,206,705,2010
2347167796,2016-04-15,10465,"11,14","11,14","0,00","0,11","2,29","8,74","0,00",1,24,284,720,2133
2347167796,2016-04-16,22244,"24,27","24,27","0,00","8,77","6,60","8,90","0,00",66,72,268,968,2670
2347167796,2016-04-17,5472,"5,83","5,83","0,00","0,13","0,45","5,25","0,00",1,7,249,508,1882
2347167796,2016-04-18,8247,"8,77","8,77","0,00","1,27","1,38","6,10","0,00",11,16,206,678,1944
2347167796,2016-04-19,6711,"7,15","7,15","0,00","0,00","0,00","7,15","0,00",0,7,382,648,2346
2347167796,2016-04-20,10999,"11,70","11,70","0,00","1,09","2,91","7,69","0,00",11,43,269,1011,2198
2347167796,2016-04-21,10080,"10,86","10,86","0,00","2,98","2,46","5,44","0,00",23,26,208,761,2048
2347167796,2016-04-22,7804,"8,30","8,30","0,00","0,90","2,70","4,70","0,00",9,27,206,781,1946
2347167796,2016-04-23,16901,"18,30","18,30","0,00","4,47","2,33","11,51","0,00",32,35,360,591,2629
2347167796,2016-04-24,9471,"10,07","10,07","0,00","0,00","0,00","10,07","0,00",0,0,360,584,2187
2347167796,2016-04-25,9482,"10,27","10,27","0,00","2,04","0,84","7,40","0,00",15,11,277,653,2095
2347167796,2016-04-26,5980,"6,36","6,36","0,00","0,00","0,00","6,36","0,00",0,0,227,732,1861
2347167796,2016-04-27,11423,"12,20","12,20","0,00","2,99","0,64","8,56","0,00",26,9,295,623,2194
2347167796,2016-04-28,5439,"5,79","5,79","0,00","0,00","0,00","5,79","0,00",0,0,229,764,1854
2347167796,2016-04-29,42,"0,05","0,05","0,00","0,00","0,00","0,05","0,00",0,0,4,2,403
2873212765,2016-12-04,8796,"9,51","9,51","0,00","0,18","1,50","7,85","0,00",2,21,356,1061,1982
2873212765,2016-04-13,7618,"8,24","8,24","0,00","0,00","0,35","7,85","0,03",0,8,404,1028,2004
2873212765,2016-04-14,7910,"8,56","8,56","0,00","0,00","0,00","8,56","0,00",0,0,331,1109,1893
2873212765,2016-04-15,8482,"9,17","9,17","0,00","0,00","0,00","9,16","0,02",0,0,448,992,2063
2873212765,2016-04-16,9685,"10,70","10,70","0,00","5,01","0,03","5,65","0,02",47,1,305,1087,2148
2873212765,2016-04-17,2524,"2,74","2,74","0,00","0,00","0,56","2,16","0,00",0,8,160,1272,1529
2873212765,2016-04-18,7762,"8,43","8,43","0,00","0,11","0,45","7,87","0,00",1,6,311,1122,1890
2873212765,2016-04-19,7948,"8,64","8,64","0,00","0,00","0,00","8,63","0,00",0,0,389,1051,1956
2873212765,2016-04-20,9202,"10,14","10,14","0,00","2,43","0,19","7,50","0,02",22,5,378,1035,2094
2873212765,2016-04-21,8859,"9,62","9,62","0,00","0,21","0,60","8,80","0,02",2,10,371,1057,1970
2873212765,2016-04-22,7286,"7,89","7,89","0,00","0,74","0,00","7,11","0,03",46,0,366,1028,2241
2873212765,2016-04-23,9317,"10,22","10,22","0,00","3,36","0,37","6,47","0,02",28,5,330,1077,2021
2873212765,2016-04-24,6873,"7,53","7,53","0,00","4,83","0,10","2,61","0,00",46,1,190,1203,1898
2873212765,2016-04-25,7373,"7,97","7,97","0,00","0,00","0,00","7,97","0,00",0,0,359,1081,1907
2873212765,2016-04-26,8242,"8,92","8,92","0,00","0,19","0,29","8,43","0,00",2,5,309,1124,1882
2873212765,2016-04-27,3516,"3,80","3,80","0,00","0,00","0,00","3,80","0,00",46,0,197,1197,1966
2873212765,2016-04-28,7913,"8,71","8,71","0,00","3,48","0,55","4,68","0,00",28,7,213,1192,1835
2873212765,2016-04-29,7365,"7,97","7,97","0,00","2,19","2,27","3,51","0,00",20,23,206,1191,1780
2873212765,2016-04-30,8452,"9,14","9,14","0,00","0,53","1,74","6,86","0,02",5,20,248,1167,1830
2873212765,2016-01-05,7399,"8,00","8,00","0,00","0,79","1,67","5,54","0,00",7,18,196,1219,1739
2873212765,2016-02-05,7525,"8,14","8,14","0,00","0,00","0,34","7,77","0,03",0,7,334,1099,1878
2873212765,2016-03-05,7412,"8,01","8,01","0,00","0,10","0,40","7,50","0,02",1,6,363,1070,1906
2873212765,2016-04-05,8278,"8,95","8,95","0,00","0,00","0,00","8,95","0,00",0,0,420,1020,2015
2873212765,2016-05-05,8314,"9,03","9,03","0,00","1,26","1,29","6,49","0,00",13,23,311,1093,1971
2873212765,2016-06-05,7063,"7,64","7,64","0,00","0,00","0,19","7,42","0,02",0,5,370,1065,1910
2873212765,2016-07-05,4940,"5,44","5,44","0,00","3,67","0,89","0,89","0,00",75,11,52,1302,1897
2873212765,2016-08-05,8168,"8,92","8,92","0,00","4,67","0,00","4,25","0,00",46,0,326,1068,2096
2873212765,2016-09-05,7726,"8,35","8,35","0,00","0,00","0,00","8,35","0,00",0,0,345,1095,1906
2873212765,2016-10-05,8275,"8,95","8,95","0,00","0,00","0,00","8,93","0,02",0,0,373,1067,1962
2873212765,2016-11-05,6440,"6,97","6,97","0,00","0,00","0,00","6,95","0,02",0,0,319,1121,1826
2873212765,2016-12-05,7566,"8,22","8,22","0,00","0,00","0,00","8,22","0,00",0,0,268,720,1431
3372868164,2016-12-04,4747,"5,21","5,21","0,00","0,00","0,00","5,20","0,02",0,0,280,1160,1788
3372868164,2016-04-13,9715,"10,67","10,67","0,00","1,59","0,55","8,48","0,03",16,8,371,1045,2093
3372868164,2016-04-14,8844,"9,70","9,70","0,00","0,55","1,66","7,48","0,02",6,25,370,1039,2065
3372868164,2016-04-15,7451,"8,18","8,18","0,00","0,00","0,00","8,14","0,03",0,0,335,1105,1908
3372868164,2016-04-16,6905,"7,61","7,61","0,00","0,00","0,00","7,56","0,05",0,0,356,1084,1908
3372868164,2016-04-17,8199,"9,46","9,46","0,00","2,27","0,16","7,02","0,02",11,2,322,1105,1964
3372868164,2016-04-18,6798,"7,47","7,47","0,00","1,74","0,32","5,39","0,00",20,7,343,1070,2014
3372868164,2016-04-19,7711,"8,47","8,47","0,00","0,00","0,00","8,43","0,03",0,0,376,1064,1985
3372868164,2016-04-20,4880,"5,36","5,36","0,00","1,35","0,14","3,83","0,03",15,3,274,1148,1867
3372868164,2016-04-21,8857,"9,77","9,77","0,00","1,85","0,42","7,47","0,02",18,9,376,1037,2124
3372868164,2016-04-22,3843,"4,22","4,22","0,00","0,00","0,00","4,20","0,02",0,0,206,1234,1669
3372868164,2016-04-23,7396,"8,16","8,16","0,00","2,25","0,13","5,76","0,00",20,2,303,1115,1995
3372868164,2016-04-24,6731,"7,39","7,39","0,00","1,43","0,31","5,62","0,03",14,7,292,1127,1921
3372868164,2016-04-25,5995,"6,58","6,58","0,00","0,00","0,00","6,58","0,00",0,0,416,1024,2010
3372868164,2016-04-26,8283,"9,32","9,32","0,00","2,98","0,08","6,23","0,02",22,2,333,1083,2057
3372868164,2016-04-27,7904,"8,72","8,72","0,00","2,54","1,01","5,13","0,02",24,13,346,1057,2095
3372868164,2016-04-28,5512,"6,05","6,05","0,00","0,00","0,00","6,05","0,00",0,0,385,1055,1972
3372868164,2016-04-29,9135,"10,03","10,03","0,00","0,00","0,00","10,01","0,02",0,0,402,1038,2044
3372868164,2016-04-30,5250,"5,76","5,76","0,00","1,71","0,14","3,89","0,02",17,4,300,1119,1946
3372868164,2016-01-05,3077,"3,38","3,38","0,00","0,00","0,00","3,36","0,00",0,0,172,842,1237
3977333714,2016-12-04,8856,"9,62","9,62","0,00","4,92","1,46","3,23","0,00",44,19,131,777,1450
3977333714,2016-04-13,10035,"10,80","10,80","0,00","3,27","3,43","4,10","0,00",31,46,153,754,1495
3977333714,2016-04-14,7641,"8,22","8,22","0,00","0,51","1,56","6,15","0,00",5,23,214,801,1433
3977333714,2016-04-15,9010,"9,75","9,75","0,00","1,69","2,82","5,25","0,00",15,42,183,644,1468
3977333714,2016-04-16,13459,"14,48","14,48","0,00","3,27","6,44","4,78","0,00",31,83,153,663,1625
3977333714,2016-04-17,10415,"11,22","11,22","0,00","1,13","3,78","6,31","0,00",11,58,205,600,1529
3977333714,2016-04-18,11663,"12,55","12,55","0,00","0,40","6,00","6,15","0,00",4,95,214,605,1584
3977333714,2016-04-19,12414,"14,13","14,13","0,00","3,60","3,94","6,37","0,00",19,67,221,738,1638
3977333714,2016-04-20,11658,"12,60","12,60","0,00","0,32","7,00","5,28","0,00",2,98,164,845,1554
3977333714,2016-04-21,6093,"6,57","6,57","0,00","0,00","0,00","6,53","0,00",0,0,242,712,1397
3977333714,2016-04-22,8911,"9,59","9,59","0,00","3,75","0,93","4,92","0,00",33,12,188,731,1481
3977333714,2016-04-23,12058,"12,99","12,99","0,00","0,00","6,79","6,20","0,00",0,92,252,724,1638
3977333714,2016-04-24,14112,"16,09","16,09","0,00","5,26","7,34","3,49","0,00",30,95,129,660,1655
3977333714,2016-04-25,11177,"13,65","13,65","0,00","9,04","0,69","3,88","0,00",50,9,133,781,1570
3977333714,2016-04-26,11388,"12,26","12,26","0,00","0,72","6,79","4,75","0,00",7,95,170,797,1551
3977333714,2016-04-27,7193,"8,11","8,11","0,00","0,00","0,68","7,44","0,00",0,10,176,714,1377
3977333714,2016-04-28,7114,"7,85","7,85","0,00","2,20","0,47","5,18","0,00",15,8,190,804,1407
3977333714,2016-04-29,10645,"12,47","12,47","0,00","6,02","2,09","4,36","0,00",36,32,150,744,1545
3977333714,2016-04-30,13238,"14,81","14,81","0,00","5,94","3,38","5,49","0,00",43,52,194,687,1650
3977333714,2016-01-05,10414,"11,38","11,38","0,00","4,30","3,19","3,88","0,00",41,40,124,691,1501
3977333714,2016-02-05,16520,"17,78","17,78","0,00","2,48","10,43","4,86","0,00",24,143,176,713,1760
3977333714,2016-03-05,14335,"15,43","15,43","0,00","5,34","2,80","7,29","0,00",47,41,258,594,1710
3977333714,2016-04-05,13559,"15,19","15,19","0,00","2,91","7,37","4,65","0,00",14,96,142,852,1628
3977333714,2016-05-05,12312,"13,81","13,81","0,00","2,83","6,61","4,36","0,00",14,88,178,680,1618
3977333714,2016-06-05,11677,"13,33","13,33","0,00","5,01","4,04","4,30","0,00",29,55,168,676,1590
3977333714,2016-07-05,11550,"12,44","12,44","0,00","0,00","6,65","5,78","0,00",0,86,208,703,1574
3977333714,2016-08-05,13585,"14,63","14,63","0,00","1,09","8,43","5,10","0,00",9,116,171,688,1633
3977333714,2016-09-05,14687,"16,22","16,22","0,00","1,24","9,01","5,71","0,00",8,122,151,1159,1667
3977333714,2016-10-05,13072,"14,13","14,13","0,00","0,11","8,69","5,33","0,00",1,115,196,676,1630
3977333714,2016-11-05,746,"0,80","0,80","0,00","0,60","0,00","0,21","0,00",4,0,9,13,52
4020332650,2016-12-04,8539,"9,85","9,85","0,00","0,24","0,39","9,14","0,00",4,15,331,712,3654
4020332650,2016-04-13,0,"0,00","0,00","0,00","0,00","0,00","0,00","0,00",0,0,0,1440,1981
4020332650,2016-04-14,108,"0,13","0,13","0,00","0,00","0,00","0,05","0,00",0,0,3,1437,2011
4020332650,2016-04-15,1882,"2,17","2,17","0,00","0,34","0,58","1,24","0,00",36,18,87,1299,2951
4020332650,2016-04-16,1982,"2,29","2,29","0,00","0,72","0,60","0,95","0,00",65,21,55,1222,3051
4020332650,2016-04-17,16,"0,02","0,02","0,00","0,00","0,00","0,02","0,00",0,0,2,1438,1990
4020332650,2016-04-18,62,"0,06","0,06","0,00","0,00","0,00","0,06","0,00",0,0,2,1438,1995
4020332650,2016-04-19,0,"0,00","0,00","0,00","0,00","0,00","0,00","0,00",0,0,0,1440,1980
4020332650,2016-04-20,0,"0,00","0,00","0,00","0,00","0,00","0,00","0,00",0,0,0,1440,1980
4020332650,2016-04-21,0,"0,00","0,00","0,00","0,00","0,00","0,00","0,00",0,0,0,1440,1980
4020332650,2016-04-22,0,"0,00","0,00","0,00","0,00","0,00","0,00","0,00",0,0,0,1440,1980
4020332650,2016-04-23,0,"0,00","0,00","0,00","0,00","0,00","0,00","0,00",0,0,0,1440,1980
4020332650,2016-04-24,0,"0,00","0,00","0,00","0,00","0,00","0,00","0,00",0,0,0,1440,1980
4020332650,2016-04-25,0,"0,00","0,00","0,00","0,00","0,00","0,00","0,00",0,0,0,1440,1980
4020332650,2016-04-26,0,"0,00","0,00","0,00","0,00","0,00","0,00","0,00",0,0,0,1440,1980
4020332650,2016-04-27,0,"0,00","0,00","0,00","0,00","0,00","0,00","0,00",0,0,0,1440,1980
4020332650,2016-04-28,0,"0,00","0,00","0,00","0,00","0,00","0,00","0,00",0,0,0,1440,1980
4020332650,2016-04-29,0,"0,00","0,00","0,00","0,00","0,00","0,00","0,00",0,0,0,1440,1980
4020332650,2016-04-30,0,"0,00","0,00","0,00","0,00","0,00","0,00","0,00",0,0,0,1440,1980
4020332650,2016-01-05,0,"0,00","0,00","0,00","0,00","0,00","0,00","0,00",0,0,0,1440,1980
4020332650,2016-02-05,475,"0,55","0,55","0,00","0,00","0,06","0,47","0,00",0,11,31,1350,2207
4020332650,2016-03-05,4496,"5,18","5,18","0,00","0,00","0,00","5,07","0,08",0,0,174,950,2828
4020332650,2016-04-05,10252,"11,83","11,83","0,00","1,08","1,67","8,98","0,00",13,46,346,531,3879
4020332650,2016-05-05,11728,"13,57","13,57","0,00","4,22","2,70","6,50","0,11",38,42,196,916,3429
4020332650,2016-06-05,4369,"5,04","5,04","0,00","0,00","0,00","4,99","0,02",0,0,177,855,2704
4020332650,2016-07-05,6132,"7,08","7,08","0,00","0,00","0,00","5,76","0,00",0,0,184,1256,2975
4020332650,2016-08-05,5862,"6,76","6,76","0,00","0,00","0,00","6,68","0,00",0,0,263,775,3089
4020332650,2016-09-05,4556,"5,26","5,26","0,00","0,32","0,19","4,73","0,00",3,5,173,1225,2785
4020332650,2016-10-05,5546,"6,41","6,41","0,00","0,00","0,00","6,23","0,06",0,0,206,774,2926
4020332650,2016-11-05,3689,"4,26","4,26","0,00","0,18","0,27","3,75","0,00",2,8,134,1296,2645
4020332650,2016-12-05,590,"0,68","0,68","0,00","0,00","0,00","0,66","0,00",0,0,21,721,1120
4057192912,2016-12-04,5394,"6,49","6,49","0,00","0,00","0,00","6,34","0,00",0,0,164,1276,2286
4057192912,2016-04-13,5974,"7,19","7,19","0,00","0,00","0,00","7,03","0,00",0,0,160,1280,2306
4057192912,2016-04-14,0,"0,00","0,00","0,00","0,00","0,00","0,00","0,00",0,0,0,1440,1776
4057192912,2016-04-15,3984,"4,75","4,75","0,00","0,34","0,42","3,93","0,00",3,6,88,873,1527
4319703577,2016-12-04,7753,"8,37","8,37","0,00","0,00","0,00","0,00","0,00",0,0,0,1440,2115
4319703577,2016-04-13,8204,"8,85","8,85","0,00","0,85","0,95","2,11","0,00",8,15,96,1234,2135
4319703577,2016-04-14,10210,"11,07","11,07","0,00","0,18","0,53","10,36","0,00",1,9,339,589,2302
4319703577,2016-04-15,5664,"6,12","6,12","0,00","0,00","0,00","6,12","0,00",0,0,228,752,1985
4319703577,2016-04-16,4744,"5,12","5,12","0,00","0,00","0,00","5,12","0,00",0,0,194,724,1884
4319703577,2016-04-17,29,"0,03","0,03","0,00","0,00","0,00","0,03","0,00",0,0,3,1363,1464
4319703577,2016-04-18,2276,"2,49","2,49","0,00","0,11","0,53","1,80","0,00",1,9,58,824,1632
4319703577,2016-04-19,8925,"9,64","9,64","0,00","0,00","0,00","9,64","0,00",0,0,311,604,2200
4319703577,2016-04-20,8954,"9,67","9,67","0,00","0,00","1,09","8,55","0,00",0,18,306,671,2220
4319703577,2016-04-21,3702,"3,99","3,99","0,00","0,00","0,00","0,56","0,00",0,0,34,1265,1792
4319703577,2016-04-22,4500,"4,86","4,86","0,00","0,10","1,30","3,46","0,00",1,19,176,709,1886
4319703577,2016-04-23,4935,"5,33","5,33","0,00","0,00","0,00","5,33","0,00",0,0,233,546,1945
4319703577,2016-04-24,4081,"4,41","4,41","0,00","0,10","0,32","3,98","0,00",1,5,191,692,1880
4319703577,2016-04-25,9259,"9,99","9,99","0,00","0,00","0,45","9,54","0,00",0,8,390,544,2314
4319703577,2016-04-26,9899,"10,69","10,69","0,00","0,92","1,48","8,29","0,00",8,21,288,649,2236
4319703577,2016-04-27,10780,"11,64","11,64","0,00","0,66","3,09","7,90","0,00",6,47,300,680,2324
4319703577,2016-04-28,10817,"11,72","11,72","0,00","1,63","0,53","9,56","0,00",13,8,359,552,2367
4319703577,2016-04-29,7990,"8,63","8,63","0,00","0,72","1,27","6,63","0,00",6,18,289,624,2175
4319703577,2016-04-30,8221,"8,88","8,88","0,00","0,64","2,59","5,65","0,00",6,38,196,695,2092
4319703577,2016-01-05,1251,"1,35","1,35","0,00","0,00","0,00","1,35","0,00",0,0,67,836,1593
4319703577,2016-02-05,9261,"10,04","10,04","0,00","0,00","0,71","9,19","0,00",0,11,344,585,2270
4319703577,2016-03-05,9648,"10,41","10,41","0,00","0,93","1,72","7,77","0,00",8,26,287,669,2235
4319703577,2016-04-05,10429,"11,30","11,30","0,00","0,95","0,93","9,41","0,00",8,13,313,1106,2282
4319703577,2016-05-05,13658,"15,27","15,27","0,00","4,23","2,27","8,77","0,00",27,34,328,957,2530
4319703577,2016-06-05,9524,"10,33","10,33","0,00","0,66","0,76","8,79","0,00",6,11,314,692,2266
4319703577,2016-07-05,7937,"8,58","8,58","0,00","0,31","1,69","6,57","0,00",3,28,279,586,2158
4319703577,2016-08-05,3672,"3,96","3,96","0,00","0,00","0,00","3,96","0,00",0,0,153,603,1792
4319703577,2016-09-05,10378,"11,20","11,20","0,00","0,23","0,90","10,06","0,00",2,14,374,490,2345
4319703577,2016-10-05,9487,"10,25","10,25","0,00","0,34","0,74","9,17","0,00",3,12,329,555,2260
4319703577,2016-11-05,9129,"9,87","9,87","0,00","0,32","1,19","8,34","0,00",3,18,311,574,2232
4319703577,2016-12-05,17,"0,02","0,02","0,00","0,00","0,00","0,02","0,00",0,0,2,0,257
4388161847,2016-12-04,10122,"12,52","12,52","0,00","0,00","0,00","0,00","0,00",0,0,0,1440,2955
4388161847,2016-04-13,10993,"13,60","13,60","0,00","0,10","1,01","6,24","0,00",1,14,150,1275,3092
4388161847,2016-04-14,8863,"10,98","10,98","0,00","0,21","1,72","9,04","0,00",10,35,219,945,2998
4388161847,2016-04-15,8758,"10,83","10,83","0,00","0,00","0,00","10,83","0,00",0,0,299,837,3066
4388161847,2016-04-16,6580,"8,14","8,14","0,00","0,34","0,64","7,16","0,00",6,9,253,609,3073
4388161847,2016-04-17,4660,"5,76","5,76","0,00","0,00","0,00","5,76","0,00",0,0,201,721,2572
4388161847,2016-04-18,11009,"14,64","14,64","0,00","5,73","0,64","8,27","0,00",27,8,239,1017,3274
4388161847,2016-04-19,10181,"12,60","12,60","0,00","2,20","1,11","9,29","0,00",20,16,249,704,3015
4388161847,2016-04-20,10553,"13,07","13,07","0,00","1,77","2,77","8,51","0,00",19,42,228,696,3083
4388161847,2016-04-21,10055,"12,44","12,44","0,00","0,60","0,63","11,23","0,00",7,12,272,853,3069
4388161847,2016-04-22,12139,"15,03","15,03","0,00","5,31","1,79","7,92","0,00",77,25,220,945,3544
4388161847,2016-04-23,13236,"16,38","16,38","0,00","7,24","0,51","8,61","0,00",58,5,215,749,3306
4388161847,2016-04-24,10243,"12,68","12,68","0,00","1,74","0,82","10,14","0,00",14,8,239,584,2885
4388161847,2016-04-25,12961,"16,05","16,05","0,00","1,17","2,25","12,62","0,00",11,31,301,1054,3288
4388161847,2016-04-26,9461,"11,72","11,72","0,00","1,51","1,71","8,48","0,00",14,23,224,673,2929
4388161847,2016-04-27,11193,"13,86","13,86","0,00","1,13","4,04","8,67","0,00",11,48,241,684,3074
4388161847,2016-04-28,10074,"12,47","12,47","0,00","2,08","0,69","9,70","0,00",19,9,234,878,2969
4388161847,2016-04-29,9232,"11,43","11,43","0,00","1,29","1,43","8,72","0,00",13,16,236,1175,2979
4388161847,2016-04-30,12533,"15,51","15,51","0,00","1,13","3,22","11,17","0,00",14,43,300,537,3283
4388161847,2016-01-05,10255,"12,70","12,70","0,00","1,63","1,09","9,98","0,00",12,15,241,579,2926
4388161847,2016-02-05,10096,"13,52","13,52","0,00","6,07","0,13","7,32","0,00",33,4,204,935,3147
4388161847,2016-03-05,12727,"15,76","15,76","0,00","1,82","1,26","12,68","0,00",18,18,306,984,3290
4388161847,2016-04-05,12375,"15,32","15,32","0,00","4,49","1,50","9,33","0,00",35,21,251,632,3162
4388161847,2016-05-05,9603,"11,88","11,88","0,00","1,01","2,69","8,19","0,00",12,39,199,896,2899
4388161847,2016-06-05,13175,"16,30","16,30","0,00","3,40","3,36","9,54","0,00",33,45,262,1100,3425
4388161847,2016-07-05,22770,"28,23","28,23","0,00","15,21","4,46","8,58","0,00",120,56,260,508,4022
4388161847,2016-08-05,17298,"23,14","23,14","0,00","15,92","2,03","5,20","0,00",107,38,178,576,3934
4388161847,2016-09-05,10218,"12,65","12,65","0,00","0,55","1,17","10,93","0,00",6,19,258,1020,3013
4388161847,2016-10-05,10299,"12,75","12,75","0,00","1,30","1,05","10,40","0,00",13,14,267,648,3061
4388161847,2016-11-05,10201,"12,62","12,62","0,00","0,85","1,27","10,51","0,00",8,18,256,858,2954
4388161847,2016-12-05,3369,"4,17","4,17","0,00","0,00","0,00","4,17","0,00",0,0,108,825,1623
4445114986,2016-12-04,3276,"3,54","3,54","0,00","0,00","0,00","3,54","0,00",0,0,196,787,2113
4445114986,2016-04-13,2961,"3,20","3,20","0,00","0,00","0,00","3,20","0,00",0,0,194,840,2095
4445114986,2016-04-14,3974,"4,30","4,30","0,00","0,00","0,00","4,30","0,00",0,0,231,717,2194
4445114986,2016-04-15,7198,"7,77","7,77","0,00","0,00","0,00","7,77","0,00",0,0,350,711,2496
4445114986,2016-04-16,3945,"4,26","4,26","0,00","0,00","0,00","4,26","0,00",0,0,225,716,2180
4445114986,2016-04-17,2268,"2,45","2,45","0,00","0,00","0,00","2,45","0,00",0,0,114,1219,1933
4445114986,2016-04-18,6155,"6,82","6,82","0,00","3,22","0,47","3,14","0,00",25,6,162,1247,2248
4445114986,2016-04-19,2064,"2,24","2,24","0,00","0,00","0,00","2,24","0,00",0,0,121,895,1954
4445114986,2016-04-20,2072,"2,24","2,24","0,00","0,00","0,00","2,24","0,00",0,0,137,841,1974
4445114986,2016-04-21,3809,"4,12","4,12","0,00","0,00","0,00","4,09","0,00",0,0,215,756,2150
4445114986,2016-04-22,6831,"7,37","7,37","0,00","0,00","0,00","7,37","0,00",0,0,317,706,2432
4445114986,2016-04-23,4363,"4,72","4,72","0,00","0,00","0,00","4,72","0,00",0,0,201,1239,2149
4445114986,2016-04-24,5002,"5,41","5,41","0,00","0,00","0,00","5,41","0,00",0,0,244,1196,2247
4445114986,2016-04-25,3385,"3,65","3,65","0,00","0,00","0,00","3,65","0,00",0,0,179,916,2070
4445114986,2016-04-26,6326,"7,10","7,10","0,00","3,88","0,06","3,15","0,00",29,1,180,839,2291
4445114986,2016-04-27,7243,"8,09","8,09","0,00","4,22","0,05","3,83","0,00",32,1,194,839,2361
4445114986,2016-04-28,4493,"4,84","4,84","0,00","0,00","0,00","4,84","0,00",0,0,236,762,2203
4445114986,2016-04-29,4676,"5,05","5,05","0,00","0,00","0,00","5,04","0,00",0,0,226,1106,2196
4445114986,2016-04-30,6222,"6,73","6,73","0,00","0,00","0,00","6,73","0,00",0,0,290,797,2363
4445114986,2016-01-05,5232,"5,65","5,65","0,00","0,00","0,00","5,65","0,00",0,0,240,741,2246
4445114986,2016-02-05,6910,"7,64","7,64","0,00","3,56","0,31","3,78","0,00",27,4,200,667,2336
4445114986,2016-03-05,7502,"8,34","8,34","0,00","3,99","0,18","4,15","0,00",30,2,233,725,2421
4445114986,2016-04-05,2923,"3,15","3,15","0,00","0,00","0,00","3,15","0,00",0,0,180,897,2070
4445114986,2016-05-05,3800,"4,10","4,10","0,00","0,19","0,39","3,51","0,00",2,6,185,734,2120
4445114986,2016-06-05,4514,"4,88","4,88","0,00","0,00","0,00","4,88","0,00",0,0,229,809,2211
4445114986,2016-07-05,5183,"5,78","5,78","0,00","3,43","0,31","2,01","0,00",26,4,108,866,2123
4445114986,2016-08-05,7303,"7,89","7,89","0,00","0,00","0,40","7,48","0,00",0,8,308,733,2423
4445114986,2016-09-05,5275,"5,70","5,70","0,00","0,00","0,00","5,70","0,00",0,0,266,641,2281
4445114986,2016-10-05,3915,"4,23","4,23","0,00","0,00","0,00","4,23","0,00",0,0,231,783,2181
4445114986,2016-11-05,9105,"9,83","9,83","0,00","3,62","1,61","4,60","0,00",34,22,232,622,2499
4445114986,2016-12-05,768,"0,84","0,84","0,00","0,00","0,00","0,84","0,00",0,0,58,380,1212
4558609924,2016-12-04,5135,"5,46","5,46","0,00","0,00","0,00","5,46","0,00",0,0,318,1122,1909
4558609924,2016-04-13,4978,"5,29","5,29","0,00","2,00","0,71","2,59","0,00",19,7,127,1287,1722
4558609924,2016-04-14,6799,"7,23","7,23","0,00","0,00","0,00","7,23","0,00",0,0,279,1161,1922
4558609924,2016-04-15,7795,"8,29","8,29","0,00","0,95","1,35","6,00","0,00",17,30,262,1131,2121
4558609924,2016-04-16,7289,"7,76","7,76","0,00","0,89","1,21","5,63","0,00",8,12,308,1112,1997
4558609924,2016-04-17,9634,"10,30","10,30","0,00","0,89","1,83","7,58","0,00",7,19,304,1110,2117
4558609924,2016-04-18,8940,"9,51","9,51","0,00","1,58","1,50","6,44","0,00",14,15,331,1080,2116
4558609924,2016-04-19,5401,"5,75","5,75","0,00","0,08","0,58","5,09","0,00",1,9,248,1182,1876
4558609924,2016-04-20,4803,"5,10","5,10","0,00","0,00","0,00","5,10","0,00",0,0,222,1218,1788
4558609924,2016-04-21,13743,"14,61","14,61","0,00","0,68","1,56","12,39","0,00",6,21,432,844,2486
4558609924,2016-04-22,9601,"10,22","10,22","0,00","2,20","2,41","5,58","0,00",20,25,273,1122,2094
4558609924,2016-04-23,6890,"7,32","7,32","0,00","0,55","0,32","6,45","0,00",5,5,308,1122,2085
4558609924,2016-04-24,8563,"9,11","9,11","0,00","0,00","0,00","9,09","0,00",0,0,395,1045,2173
4558609924,2016-04-25,8095,"8,61","8,61","0,00","0,95","0,40","7,26","0,00",18,10,340,993,2225
4558609924,2016-04-26,9148,"9,74","9,74","0,00","0,69","3,27","5,78","0,00",12,41,283,1062,2223
4558609924,2016-04-27,9557,"10,17","10,17","0,00","3,15","1,43","5,57","0,00",27,14,312,1087,2098
4558609924,2016-04-28,9451,"10,06","10,06","0,00","0,03","0,43","9,58","0,00",1,11,367,985,2185
4558609924,2016-04-29,7833,"8,34","8,34","0,00","1,64","2,98","3,72","0,00",15,29,197,1096,1918
4558609924,2016-04-30,10319,"10,98","10,98","0,00","0,76","3,04","7,18","0,00",7,29,293,1111,2105
4558609924,2016-01-05,3428,"3,65","3,65","0,00","0,00","0,00","3,65","0,00",0,0,190,1121,1692
4558609924,2016-02-05,7891,"8,40","8,40","0,00","0,00","0,00","8,40","0,00",0,0,383,1057,2066
4558609924,2016-03-05,5267,"5,60","5,60","0,00","0,97","0,45","4,18","0,00",21,10,237,1172,1953
4558609924,2016-04-05,5232,"5,57","5,57","0,00","0,00","0,00","5,57","0,00",0,0,252,1188,1842
4558609924,2016-05-05,10611,"11,28","11,28","0,00","1,63","0,80","8,87","0,00",14,8,370,1048,2262
4558609924,2016-06-05,3755,"3,99","3,99","0,00","0,00","0,00","3,99","0,00",0,0,202,1238,1722
4558609924,2016-07-05,8237,"8,75","8,75","0,00","2,59","1,61","4,55","0,00",23,16,233,1116,1973
4558609924,2016-08-05,6543,"6,97","6,97","0,00","2,90","0,80","3,25","0,00",66,35,238,1019,2666
4558609924,2016-09-05,11451,"12,18","12,18","0,00","0,69","2,61","8,88","0,00",6,30,339,1065,2223
4558609924,2016-10-05,6435,"6,84","6,84","0,00","1,19","1,80","3,85","0,00",11,18,220,1191,1889
4558609924,2016-11-05,9108,"9,69","9,69","0,00","0,42","2,93","6,34","0,00",4,31,324,1081,2131
4558609924,2016-12-05,6307,"6,71","6,71","0,00","0,00","0,00","6,71","0,00",0,0,247,736,1452
4702921684,2016-12-04,7213,"9,46","9,46","0,00","0,00","0,00","9,41","0,00",0,0,263,718,2947
4702921684,2016-04-13,6877,"8,98","8,98","0,00","0,00","0,00","8,98","0,00",0,0,258,777,2898
4702921684,2016-04-14,7860,"10,25","10,25","0,00","0,00","0,00","10,25","0,00",0,0,271,772,2984
4702921684,2016-04-15,6506,"8,50","8,50","0,00","0,11","0,68","7,71","0,00",1,8,256,944,2896
4702921684,2016-04-16,11140,"14,53","14,53","0,00","0,39","2,01","12,13","0,00",3,24,335,556,3328
4702921684,2016-04-17,12692,"16,56","16,56","0,00","1,54","5,57","9,46","0,00",12,66,302,437,3394
4702921684,2016-04-18,9105,"11,88","11,88","0,00","2,93","2,40","6,55","0,00",22,30,191,890,3013
4702921684,2016-04-19,6708,"8,75","8,75","0,00","1,42","0,60","6,74","0,00",10,8,179,757,2812
4702921684,2016-04-20,8793,"11,47","11,47","0,00","0,26","1,98","9,22","0,00",2,29,260,717,3061
4702921684,2016-04-21,6530,"8,53","8,53","0,00","0,50","3,30","4,73","0,00",4,41,144,901,2729
4702921684,2016-04-22,1664,"2,17","2,17","0,00","0,00","0,00","2,17","0,00",0,0,72,1341,2241
4702921684,2016-04-23,15126,"19,75","19,75","0,00","1,22","5,21","13,31","0,00",9,66,408,469,3691
4702921684,2016-04-24,15050,"19,67","19,67","0,00","1,93","8,24","9,46","0,00",15,95,281,542,3538
4702921684,2016-04-25,9167,"11,96","11,96","0,00","0,79","1,32","9,83","0,00",6,15,270,730,3064
4702921684,2016-04-26,6108,"7,97","7,97","0,00","0,11","0,56","7,31","0,00",1,8,216,765,2784
4702921684,2016-04-27,7047,"9,21","9,21","0,00","0,14","1,29","7,69","0,00",1,16,238,733,2908
4702921684,2016-04-28,9023,"11,78","11,78","0,00","1,82","0,68","9,29","0,00",14,9,232,738,3033
4702921684,2016-04-29,9930,"12,96","12,96","0,00","1,71","1,48","9,77","0,00",12,19,267,692,3165
4702921684,2016-04-30,10144,"13,24","13,24","0,00","0,51","3,27","9,46","0,00",4,36,263,728,3115
4702921684,2016-01-05,0,"0,00","0,00","0,00","0,00","0,00","0,00","0,00",0,0,0,1440,2017
4702921684,2016-02-05,7245,"9,53","9,53","0,00","0,61","2,80","6,05","0,00",5,40,195,1131,2859
4702921684,2016-03-05,9454,"12,34","12,34","0,00","0,00","0,00","12,34","0,00",0,0,313,729,3145
4702921684,2016-04-05,8161,"10,65","10,65","0,00","0,55","1,17","8,92","0,00",4,15,251,757,3004
4702921684,2016-05-05,8614,"11,25","11,25","0,00","1,08","0,35","9,80","0,00",8,5,241,745,3006
4702921684,2016-06-05,6943,"9,06","9,06","0,00","0,13","1,06","7,84","0,00",1,16,207,682,2859
4702921684,2016-07-05,14370,"18,75","18,75","0,00","0,60","3,72","14,44","0,00",5,46,439,577,3683
4702921684,2016-08-05,12857,"16,79","16,79","0,00","1,09","9,99","5,70","0,00",9,125,192,1019,3287
4702921684,2016-09-05,8232,"10,75","10,75","0,00","0,00","0,92","9,82","0,00",0,12,253,746,2990
4702921684,2016-10-05,10613,"13,86","13,86","0,00","0,13","3,03","10,70","0,00",1,37,262,701,3172
4702921684,2016-11-05,9810,"12,81","12,81","0,00","1,26","3,48","8,01","0,00",10,41,235,784,3069
4702921684,2016-12-05,2752,"3,59","3,59","0,00","0,00","0,00","3,59","0,00",0,0,68,241,1240
5553957443,2016-12-04,11596,"12,18","12,18","0,00","2,20","1,27","8,71","0,00",19,13,277,767,2026
5553957443,2016-04-13,4832,"5,09","5,09","0,00","0,00","0,00","5,09","0,00",0,0,226,647,1718
5553957443,2016-04-14,17022,"17,90","17,90","0,00","6,44","3,94","7,52","0,00",61,41,256,693,2324
5553957443,2016-04-15,16556,"17,48","17,48","0,00","6,69","3,19","7,58","0,00",58,38,239,689,2254
5553957443,2016-04-16,5771,"6,07","6,07","0,00","0,00","0,00","6,07","0,00",0,0,288,521,1831
5553957443,2016-04-17,655,"0,69","0,69","0,00","0,00","0,00","0,69","0,00",0,0,46,943,1397
5553957443,2016-04-18,3727,"3,91","3,91","0,00","0,00","0,00","3,91","0,00",0,0,206,622,1683
5553957443,2016-04-19,15482,"16,27","16,27","0,00","6,89","2,67","6,73","0,00",69,28,249,756,2284
5553957443,2016-04-20,2713,"2,85","2,85","0,00","0,00","0,00","2,85","0,00",0,0,148,598,1570
5553957443,2016-04-21,12346,"12,97","12,97","0,00","4,75","3,48","4,76","0,00",47,42,177,801,2066
5553957443,2016-04-22,11682,"12,28","12,28","0,00","2,22","1,01","9,01","0,00",25,16,270,781,2105
5553957443,2016-04-23,4112,"4,33","4,33","0,00","0,00","0,00","4,31","0,00",0,0,272,443,1776
5553957443,2016-04-24,1807,"1,90","1,90","0,00","0,00","0,00","1,90","0,00",0,0,104,582,1507
5553957443,2016-04-25,10946,"11,57","11,57","0,00","4,72","0,92","5,94","0,00",51,11,201,732,2033
5553957443,2016-04-26,11886,"12,49","12,49","0,00","3,81","1,50","7,18","0,00",40,18,238,750,2093
5553957443,2016-04-27,10538,"11,07","11,07","0,00","1,83","1,61","7,63","0,00",16,16,206,745,1922
5553957443,2016-04-28,11393,"12,28","12,28","0,00","5,97","1,21","5,10","0,00",49,13,165,727,1999
5553957443,2016-04-29,12764,"13,41","13,41","0,00","4,49","1,03","7,90","0,00",46,15,270,709,2169
5553957443,2016-04-30,1202,"1,26","1,26","0,00","0,00","0,00","1,26","0,00",0,0,84,506,1463
5553957443,2016-01-05,5164,"5,42","5,42","0,00","0,00","0,00","5,42","0,00",0,0,237,436,1747
5553957443,2016-02-05,9769,"10,27","10,27","0,00","1,71","0,66","7,89","0,00",23,9,227,724,1996
5553957443,2016-03-05,12848,"13,50","13,50","0,00","2,41","1,93","9,14","0,00",26,29,247,812,2116
5553957443,2016-04-05,4249,"4,46","4,46","0,00","0,00","0,00","4,46","0,00",0,0,224,651,1698
5553957443,2016-05-05,14331,"15,30","15,30","0,00","5,52","2,67","7,13","0,00",44,29,241,692,2156
5553957443,2016-06-05,9632,"10,12","10,12","0,00","2,45","0,87","6,81","0,00",21,9,229,761,1916
5553957443,2016-07-05,1868,"1,96","1,96","0,00","0,00","0,00","1,96","0,00",0,0,96,902,1494
5553957443,2016-08-05,6083,"6,44","6,44","0,00","0,35","0,76","5,31","0,00",3,8,210,505,1762
5553957443,2016-09-05,11611,"12,20","12,20","0,00","3,43","1,43","7,34","0,00",59,22,251,667,2272
5553957443,2016-10-05,16358,"17,24","17,24","0,00","6,23","2,59","8,37","0,00",61,40,265,707,2335
5553957443,2016-11-05,4926,"5,18","5,18","0,00","0,00","0,00","5,18","0,00",0,0,195,628,1693
5553957443,2016-12-05,3121,"3,28","3,28","0,00","0,93","0,64","1,71","0,00",8,6,48,222,741
5577150313,2016-12-04,8135,"9,78","9,78","0,00","5,79","0,61","3,38","0,00",86,16,140,728,3405
5577150313,2016-04-13,5077,"6,10","6,10","0,00","0,51","0,35","5,23","0,00",15,11,144,776,2551
5577150313,2016-04-14,8596,"10,33","10,33","0,00","5,36","0,50","4,47","0,00",118,30,176,662,4022
5577150313,2016-04-15,12087,"14,61","14,61","0,00","6,31","2,57","5,73","0,00",115,54,199,695,4005
5577150313,2016-04-16,14269,"17,16","17,16","0,00","10,69","2,06","4,39","0,00",184,56,158,472,4274
5577150313,2016-04-17,12231,"14,71","14,71","0,00","9,62","1,34","3,73","0,00",200,37,159,525,4552
5577150313,2016-04-18,9893,"11,89","11,89","0,00","7,82","1,16","2,93","0,00",114,32,130,623,3625
5577150313,2016-04-19,12574,"15,16","15,16","0,00","11,30","1,03","2,83","0,00",108,23,111,733,3501
5577150313,2016-04-20,8330,"10,01","10,01","0,00","6,63","0,55","2,83","0,00",87,16,113,773,3192
5577150313,2016-04-21,10830,"13,02","13,02","0,00","5,87","2,67","4,47","0,00",110,74,175,670,4018
5577150313,2016-04-22,9172,"11,02","11,02","0,00","3,89","1,27","5,31","0,00",62,30,200,823,3329
5577150313,2016-04-23,7638,"9,19","9,19","0,00","1,95","0,58","6,66","0,00",24,24,223,627,3152
5577150313,2016-04-24,15764,"18,96","18,96","0,00","12,31","3,46","3,19","0,00",210,65,141,425,4392
5577150313,2016-04-25,6393,"7,69","7,69","0,00","2,17","1,08","4,44","0,00",61,38,214,743,3374
5577150313,2016-04-26,5325,"6,41","6,41","0,00","1,37","1,05","3,98","0,00",38,32,181,759,3088
5577150313,2016-04-27,6805,"8,27","8,27","0,00","2,91","0,64","4,72","0,00",63,16,190,773,3294
5577150313,2016-04-28,9841,"11,96","11,96","0,00","5,23","1,88","4,84","0,00",99,51,141,692,3580
5577150313,2016-04-29,7924,"9,53","9,53","0,00","4,57","0,98","3,98","0,00",97,36,165,739,3544
5577150313,2016-04-30,12363,"14,87","14,87","0,00","9,38","1,27","4,20","0,00",207,45,163,621,4501
5577150313,2016-01-05,13368,"16,08","16,08","0,00","8,55","2,32","5,21","0,00",194,72,178,499,4546
5577150313,2016-02-05,7439,"8,95","8,95","0,00","1,80","0,56","6,55","0,00",37,20,235,732,3014
5577150313,2016-03-05,11045,"13,28","13,28","0,00","7,27","0,24","5,75","0,00",97,8,212,580,3795
5577150313,2016-04-05,5206,"6,26","6,26","0,00","2,51","0,40","3,35","0,00",25,9,141,631,2755
5577150313,2016-05-05,7550,"9,08","9,08","0,00","4,02","0,76","4,30","0,00",45,21,143,1153,3004
5577150313,2016-06-05,4950,"5,95","5,95","0,00","3,11","0,51","2,33","0,00",41,16,79,1304,2643
5577150313,2016-07-05,0,"0,00","0,00","0,00","0,00","0,00","0,00","0,00",0,0,0,1440,1819
5577150313,2016-08-05,0,"0,00","0,00","0,00","0,00","0,00","0,00","0,00",0,0,0,1440,1819
5577150313,2016-09-05,3421,"4,12","4,12","0,00","2,30","0,23","1,59","0,00",34,11,70,1099,2489
5577150313,2016-10-05,8869,"10,70","10,70","0,00","4,12","1,21","5,39","0,00",104,37,194,639,3841
5577150313,2016-11-05,4038,"4,89","4,89","0,00","2,95","0,48","1,43","0,00",45,15,63,257,1665
6117666160,2016-12-04,0,"0,00","0,00","0,00","0,00","0,00","0,00","0,00",0,0,0,1440,1496
6117666160,2016-04-13,0,"0,00","0,00","0,00","0,00","0,00","0,00","0,00",0,0,0,1440,1496
6117666160,2016-04-14,0,"0,00","0,00","0,00","0,00","0,00","0,00","0,00",0,0,0,1440,1496
6117666160,2016-04-15,14019,"17,04","17,04","0,00","0,00","0,45","16,58","0,00",0,6,513,921,2865
6117666160,2016-04-16,14450,"17,56","17,56","0,00","0,93","1,37","15,26","0,00",7,15,518,502,2828
6117666160,2016-04-17,7150,"8,69","8,69","0,00","0,00","0,00","8,69","0,00",0,0,312,702,2225
6117666160,2016-04-18,5153,"6,29","6,29","0,00","0,00","0,00","6,26","0,00",0,0,241,759,2018
6117666160,2016-04-19,11135,"13,53","13,53","0,00","0,00","0,00","13,53","0,00",0,0,480,425,2606
6117666160,2016-04-20,10449,"12,91","12,91","0,00","3,27","0,77","8,88","0,00",26,10,349,587,2536
6117666160,2016-04-21,19542,"24,16","24,16","0,00","1,58","0,64","9,04","0,00",11,19,294,579,4900
6117666160,2016-04-22,8206,"9,98","9,98","0,00","0,00","0,00","9,98","0,00",0,0,402,413,2409
6117666160,2016-04-23,11495,"13,97","13,97","0,00","0,00","0,00","13,97","0,00",0,0,512,468,2651
6117666160,2016-04-24,7623,"9,27","9,27","0,00","0,00","0,00","9,27","0,00",0,0,362,711,2305
6117666160,2016-04-25,0,"0,00","0,00","0,00","0,00","0,00","0,00","0,00",0,0,0,1440,1497
6117666160,2016-04-26,9543,"11,60","11,60","0,00","0,00","0,55","11,06","0,00",0,7,352,1077,2450
6117666160,2016-04-27,9411,"11,44","11,44","0,00","0,00","0,00","11,44","0,00",0,0,458,417,2576
6117666160,2016-04-28,3403,"4,18","4,18","0,00","0,00","0,00","4,18","0,00",0,0,141,758,1879
6117666160,2016-04-29,9592,"11,65","11,65","0,00","0,00","0,00","11,65","0,00",0,0,461,479,2560
6117666160,2016-04-30,6987,"8,50","8,50","0,00","0,00","0,00","8,50","0,00",0,0,343,1040,2275
6117666160,2016-01-05,8915,"10,83","10,83","0,00","0,00","0,00","10,83","0,00",0,0,397,525,2361
6117666160,2016-02-05,4933,"6,00","6,00","0,00","0,00","0,00","6,00","0,00",0,0,236,1204,2044
6117666160,2016-03-05,0,"0,00","0,00","0,00","0,00","0,00","0,00","0,00",0,0,0,1440,1496
6117666160,2016-04-05,2997,"3,64","3,64","0,00","0,00","0,00","3,64","0,00",0,0,156,1279,1902
6117666160,2016-05-05,9799,"11,91","11,91","0,00","0,00","0,00","11,91","0,00",0,0,487,479,2636
6117666160,2016-06-05,3365,"4,31","4,31","0,00","0,00","0,00","4,31","0,00",0,0,133,673,1838
6117666160,2016-07-05,7336,"8,92","8,92","0,00","0,00","0,00","8,92","0,00",0,0,412,456,2469
6117666160,2016-08-05,7328,"8,90","8,90","0,00","0,00","0,00","8,90","0,00",0,0,318,517,2250
6117666160,2016-09-05,4477,"5,44","5,44","0,00","0,00","0,00","5,44","0,00",0,0,197,125,1248
6290855005,2016-12-04,4562,"5,55","5,55","0,00","0,00","0,00","5,55","0,00",0,0,199,1241,2560
6290855005,2016-04-13,7142,"8,69","8,69","0,00","0,00","0,00","8,67","0,02",0,0,350,1090,2905
6290855005,2016-04-14,7671,"9,33","9,33","0,00","0,00","0,00","9,29","0,05",0,0,363,1077,2952
6290855005,2016-04-15,9501,"11,56","11,56","0,00","0,00","0,00","11,54","0,02",0,0,328,1112,2896
6290855005,2016-04-16,8301,"10,11","10,11","0,00","0,00","0,00","10,09","0,02",0,0,258,1182,2783
6290855005,2016-04-17,7851,"9,56","9,56","0,00","1,83","1,27","6,44","0,00",31,12,225,1172,3171
6290855005,2016-04-18,6885,"8,38","8,38","0,00","0,00","0,00","8,35","0,03",0,0,271,1169,2766
6290855005,2016-04-19,7142,"8,69","8,69","0,00","0,00","0,00","8,67","0,02",0,0,321,1119,2839
6290855005,2016-04-20,6361,"7,74","7,74","0,00","0,00","0,00","7,72","0,02",0,0,258,1182,2701
6290855005,2016-04-21,0,"0,00","0,00","0,00","0,00","0,00","0,00","0,00",0,0,0,1440,2060
6290855005,2016-04-22,6238,"7,60","7,60","0,00","0,00","0,00","7,60","0,00",0,0,302,1138,2796
6290855005,2016-04-23,0,"0,00","0,00","0,00","0,00","0,00","0,00","0,00",33,0,0,1407,2664
6290855005,2016-04-24,5896,"7,18","7,18","0,00","0,00","0,00","7,18","0,00",0,0,258,1182,2703
6290855005,2016-04-25,7802,"9,50","9,50","0,00","1,09","0,29","8,09","0,02",8,3,249,1180,2771
6290855005,2016-04-26,0,"0,00","0,00","0,00","0,00","0,00","0,00","0,00",0,0,0,1440,2060
6290855005,2016-04-27,5565,"6,78","6,78","0,00","0,00","0,00","6,73","0,05",0,0,287,1153,2743
6290855005,2016-04-28,5731,"6,97","6,97","0,00","0,00","0,00","6,97","0,00",0,0,255,1185,2687
6290855005,2016-04-29,0,"0,00","0,00","0,00","0,00","0,00","0,00","0,00",0,0,0,1440,2060
6290855005,2016-04-30,6744,"8,21","8,21","0,00","0,00","0,00","8,19","0,02",0,0,324,1116,2843
6290855005,2016-01-05,9837,"11,97","11,97","0,00","1,06","4,43","6,44","0,03",8,95,282,1055,3327
6290855005,2016-02-05,6781,"8,26","8,26","0,00","0,00","0,00","8,22","0,03",0,0,268,1172,2725
6290855005,2016-03-05,6047,"7,35","7,35","0,00","0,00","0,00","7,35","0,00",0,0,240,1200,2671
6290855005,2016-04-05,5832,"7,10","7,10","0,00","0,00","0,00","7,08","0,02",0,0,272,1168,2718
6290855005,2016-05-05,6339,"7,71","7,71","0,00","0,00","0,00","7,71","0,00",0,0,239,1201,2682
6290855005,2016-06-05,6116,"7,44","7,44","0,00","0,00","0,00","7,39","0,05",0,0,305,1135,2806
6290855005,2016-07-05,5510,"6,71","6,71","0,00","0,00","0,00","6,69","0,00",0,0,227,1213,2613
6290855005,2016-08-05,7706,"9,38","9,38","0,00","0,00","0,00","9,37","0,00",0,0,251,1189,2712
6290855005,2016-09-05,6277,"7,64","7,64","0,00","0,00","0,00","7,61","0,03",0,0,264,800,2175
6290855005,2016-10-05,0,"0,00","0,00","0,00","0,00","0,00","0,00","0,00",0,0,0,1440,0
6775888955,2016-12-04,0,"0,00","0,00","0,00","0,00","0,00","0,00","0,00",0,0,0,1440,1841
6775888955,2016-04-13,4053,"4,68","4,68","0,00","1,79","0,93","1,96","0,00",17,18,85,1053,2400
6775888955,2016-04-14,5162,"5,95","5,95","0,00","1,40","1,38","3,17","0,00",14,24,105,863,2507
6775888955,2016-04-15,1282,"1,48","1,48","0,00","0,00","0,00","1,48","0,00",0,0,58,976,2127
6775888955,2016-04-16,4732,"5,46","5,46","0,00","4,06","1,30","0,10","0,00",36,18,9,1377,2225
6775888955,2016-04-17,2497,"2,88","2,88","0,00","0,56","1,82","0,50","0,00",5,24,19,1392,2067
6775888955,2016-04-18,8294,"9,58","9,58","0,00","3,22","1,24","5,10","0,00",30,31,146,1233,2798
6775888955,2016-04-19,0,"0,00","0,00","0,00","0,00","0,00","0,00","0,00",0,0,0,1440,1841
6775888955,2016-04-20,10771,"12,42","12,42","0,00","6,07","2,80","3,57","0,00",70,113,178,1079,3727
6775888955,2016-04-21,0,"0,00","0,00","0,00","0,00","0,00","0,00","0,00",0,0,0,1440,1841
6775888955,2016-04-22,637,"0,74","0,74","0,00","0,00","0,00","0,74","0,00",0,0,20,1420,1922
6775888955,2016-04-23,0,"0,00","0,00","0,00","0,00","0,00","0,00","0,00",0,0,0,1440,1841
6775888955,2016-04-24,2153,"2,48","2,48","0,00","1,24","1,00","0,24","0,00",11,18,11,1400,2053
6775888955,2016-04-25,6474,"7,47","7,47","0,00","3,65","0,74","3,06","0,00",33,13,92,1302,2484
6775888955,2016-04-26,7091,"8,48","8,48","3,15","5,60","1,40","1,17","0,00",42,30,47,1321,2584
6775888955,2016-04-27,0,"0,00","0,00","0,00","0,00","0,00","0,00","0,00",0,0,0,1440,1841
6775888955,2016-04-28,703,"0,80","0,80","0,00","0,10","0,32","0,39","0,00",2,13,15,1410,1993
6775888955,2016-04-29,0,"0,00","0,00","0,00","0,00","0,00","0,00","0,00",0,0,0,1440,1841
6775888955,2016-04-30,2503,"2,88","2,88","0,00","0,26","0,26","2,38","0,00",3,9,84,1344,2280
6775888955,2016-01-05,2487,"2,86","2,86","0,00","0,77","1,00","1,09","0,00",9,34,50,1347,2319
6775888955,2016-02-05,0,"0,00","0,00","0,00","0,00","0,00","0,00","0,00",0,0,0,1440,1841
6775888955,2016-03-05,9,"0,02","0,02","0,00","0,00","0,00","0,02","0,00",0,0,1,1439,1843
6775888955,2016-04-05,0,"0,00","0,00","0,00","0,00","0,00","0,00","0,00",0,0,0,1440,1841
6775888955,2016-05-05,0,"0,00","0,00","0,00","0,00","0,00","0,00","0,00",0,0,0,1440,1841
6775888955,2016-06-05,4697,"5,42","5,42","0,00","0,76","1,50","3,11","0,00",12,35,75,1318,2496
6775888955,2016-07-05,1967,"2,27","2,27","0,00","0,21","0,39","1,69","0,00",2,5,49,551,1032
6962181067,2016-12-04,10199,"10,85","10,85","0,00","5,47","1,34","4,04","0,00",50,14,189,796,1994
6962181067,2016-04-13,5652,"6,02","6,02","0,00","0,92","1,95","3,15","0,00",8,24,142,548,1718
6962181067,2016-04-14,1551,"1,66","1,66","0,00","0,00","0,00","1,66","0,00",0,0,86,862,1466
6962181067,2016-04-15,5563,"5,92","5,92","0,00","0,00","0,00","5,92","0,00",0,0,217,837,1756
6962181067,2016-04-16,13217,"14,07","14,07","0,00","5,89","0,31","7,85","0,00",50,3,280,741,2173
6962181067,2016-04-17,10145,"10,80","10,80","0,00","0,53","1,09","9,16","0,00",5,13,295,634,2027
6962181067,2016-04-18,11404,"12,13","12,13","0,00","1,34","3,85","6,95","0,00",13,42,238,689,2039
6962181067,2016-04-19,10742,"11,43","11,43","0,00","3,38","3,43","4,62","0,00",35,41,195,659,2046
6962181067,2016-04-20,13928,"15,37","15,37","0,00","6,89","0,31","8,19","0,00",48,4,297,639,2174
6962181067,2016-04-21,11835,"15,63","12,68","6,57","6,42","3,38","5,65","0,18",53,27,214,708,2179
6962181067,2016-04-22,10725,"11,41","11,41","0,00","2,85","2,49","6,07","0,00",30,33,240,659,2086
6962181067,2016-04-23,20031,"21,31","21,31","0,00","6,76","3,22","11,33","0,00",58,41,347,484,2571
6962181067,2016-04-24,5029,"5,34","5,34","0,00","0,00","0,00","5,34","0,00",0,0,199,720,1705
6962181067,2016-04-25,13239,"14,92","14,61","4,49","4,86","2,70","7,18","0,16",35,31,282,637,2194
6962181067,2016-04-26,10433,"11,10","11,10","0,00","4,15","0,68","6,28","0,00",36,7,254,680,2012
6962181067,2016-04-27,10320,"10,98","10,98","0,00","0,89","3,25","6,84","0,00",7,38,279,697,2034
6962181067,2016-04-28,12627,"13,44","13,44","0,00","4,04","0,39","9,00","0,00",38,8,288,621,2182
6962181067,2016-04-29,10762,"11,44","11,44","0,00","1,32","0,77","9,35","0,00",12,15,369,645,2254
6962181067,2016-04-30,10081,"10,72","10,72","0,00","3,60","1,22","5,91","0,00",32,16,237,731,2002
6962181067,2016-01-05,5454,"5,81","5,81","0,00","0,00","0,00","5,81","0,00",0,0,215,722,1740
6962181067,2016-02-05,12912,"13,74","13,74","0,00","1,93","3,22","8,59","0,00",18,39,313,655,2162
6962181067,2016-03-05,12109,"13,07","13,07","0,00","2,80","3,28","6,97","0,00",21,36,267,654,2072
6962181067,2016-04-05,10147,"10,80","10,80","0,00","0,76","2,70","7,32","0,00",15,36,284,683,2086
6962181067,2016-05-05,10524,"11,20","11,20","0,00","1,59","1,87","7,74","0,00",14,22,305,591,2066
6962181067,2016-06-05,5908,"6,29","6,29","0,00","0,00","0,00","6,29","0,00",0,0,299,717,1850
6962181067,2016-07-05,6815,"7,24","7,24","0,00","0,00","0,00","7,24","0,00",0,0,328,745,1947
6962181067,2016-08-05,4188,"4,46","4,46","0,00","0,00","0,84","3,62","0,00",0,14,151,709,1659
6962181067,2016-09-05,12342,"14,03","13,97","5,10","6,28","1,90","5,87","0,00",43,21,231,607,2105
6962181067,2016-10-05,15448,"16,43","16,43","0,00","5,58","2,82","8,03","0,00",62,34,275,626,2361
6962181067,2016-11-05,6722,"7,15","7,15","0,00","2,40","0,50","4,26","0,00",24,7,199,709,1855
6962181067,2016-12-05,3587,"3,81","3,81","0,00","0,00","0,40","3,40","0,00",0,8,105,127,928
7007744171,2016-12-04,14172,"16,56","15,26","7,84","7,24","0,61","8,71","0,00",53,8,355,1024,2937
7007744171,2016-04-13,12862,"15,53","13,84","7,81","7,42","0,90","7,21","0,00",56,22,261,1101,2742
7007744171,2016-04-14,11179,"13,26","12,04","5,29","4,75","0,55","7,98","0,00",34,6,304,1096,2668
7007744171,2016-04-15,5273,"5,68","5,68","0,00","0,00","0,00","5,68","0,00",0,0,202,1238,2098
7007744171,2016-04-16,4631,"4,99","4,99","0,00","0,00","0,00","4,99","0,00",0,0,203,1155,2076
7007744171,2016-04-17,8059,"8,67","8,67","0,00","0,00","0,00","8,67","0,00",0,0,305,1135,2383
7007744171,2016-04-18,14816,"17,67","15,95","7,93","6,10","3,41","8,13","0,03",48,31,284,1077,2832
7007744171,2016-04-19,14194,"16,87","15,29","7,95","7,10","1,22","8,55","0,00",53,17,304,1066,2812
7007744171,2016-04-20,15566,"18,20","16,75","7,92","7,71","1,08","9,43","0,00",60,33,347,1000,3096
7007744171,2016-04-21,13744,"14,79","14,79","0,00","3,46","3,01","8,32","0,00",30,34,327,1049,2763
7007744171,2016-04-22,15299,"16,48","16,48","0,00","6,60","2,83","7,03","0,00",64,50,261,1065,2889
7007744171,2016-04-23,8093,"8,71","8,71","0,00","0,21","1,82","6,68","0,00",2,25,223,1190,2284
7007744171,2016-04-24,11085,"11,94","11,94","0,00","0,00","0,00","11,94","0,00",0,0,419,1021,2667
7007744171,2016-04-25,18229,"21,47","19,63","7,82","6,94","2,20","12,34","0,00",51,24,379,986,3055
7007744171,2016-04-26,15090,"16,25","16,25","0,00","1,50","1,51","13,24","0,00",16,22,424,978,2939
7007744171,2016-04-27,13541,"16,45","14,58","7,87","6,87","1,06","8,51","0,00",50,12,337,1041,2830
7007744171,2016-04-28,15128,"16,29","16,29","0,00","1,75","1,24","13,29","0,00",16,16,401,1007,2836
7007744171,2016-04-29,20067,"23,01","21,60","7,90","6,94","3,30","12,79","0,00",55,42,382,961,3180
7007744171,2016-04-30,3761,"4,06","4,06","0,00","0,00","0,00","4,06","0,00",0,0,200,1240,2051
7007744171,2016-01-05,5600,"6,04","6,04","0,00","0,00","0,00","6,04","0,00",0,0,237,1142,2225
7007744171,2016-02-05,13041,"14,77","14,03","4,55","7,47","1,13","6,16","0,00",64,14,250,1112,2642
7007744171,2016-03-05,14510,"17,49","15,63","7,90","7,21","1,64","8,63","0,00",58,31,330,1021,2976
7007744171,2016-04-05,0,"0,00","0,00","0,00","0,00","0,00","0,00","0,00",0,0,0,1440,1557
7007744171,2016-05-05,15010,"17,86","16,16","7,85","6,97","2,08","8,82","0,00",53,23,317,1047,2933
7007744171,2016-06-05,11459,"12,34","12,34","0,00","4,83","1,30","6,21","0,00",44,13,247,1136,2553
7007744171,2016-07-05,0,"0,00","0,00","0,00","0,00","0,00","0,00","0,00",0,0,0,111,120
7086361926,2016-12-04,11317,"13,53","13,53","0,00","8,48","0,24","4,78","0,00",59,6,153,745,2772
7086361926,2016-04-13,5813,"5,83","5,83","0,00","0,90","0,34","4,57","0,00",31,26,155,744,2516
7086361926,2016-04-14,9123,"9,85","9,85","0,00","3,27","0,53","5,89","0,00",35,32,189,787,2734
7086361926,2016-04-15,8585,"9,12","9,12","0,00","3,28","1,79","4,07","0,00",30,21,139,864,2395
7086361926,2016-04-16,31,"0,02","0,02","0,00","0,00","0,00","0,02","0,00",0,0,3,1437,1635
7086361926,2016-04-17,0,"0,00","0,00","0,00","0,00","0,00","0,00","0,00",0,0,0,1440,1629
7086361926,2016-04-18,9827,"10,80","10,80","0,00","5,10","1,96","3,72","0,00",61,51,114,1136,2743
7086361926,2016-04-19,10688,"11,73","11,73","0,00","5,68","1,98","4,04","0,00",67,69,124,671,2944
7086361926,2016-04-20,14365,"17,12","17,12","0,00","12,30","0,72","4,09","0,00",87,13,145,797,2997
7086361926,2016-04-21,9469,"9,95","9,95","0,00","2,19","0,48","7,26","0,00",19,6,206,758,2463
7086361926,2016-04-22,9753,"10,51","10,51","0,00","4,62","1,56","4,30","0,00",58,59,153,762,2846
7086361926,2016-04-23,2817,"2,91","2,91","0,00","0,00","0,00","2,90","0,00",0,0,90,1350,1965
7086361926,2016-04-24,3520,"3,48","3,48","0,00","0,00","0,00","3,46","0,00",0,0,125,566,2049
7086361926,2016-04-25,10091,"10,98","10,98","0,00","6,04","1,13","3,81","0,00",69,39,129,706,2752
7086361926,2016-04-26,10387,"11,38","11,38","0,00","6,69","1,24","3,41","0,00",70,33,132,726,2781
7086361926,2016-04-27,11107,"13,42","13,42","0,00","9,06","0,29","4,07","0,00",55,6,145,829,2693
7086361926,2016-04-28,11584,"12,55","12,55","0,00","4,49","2,64","5,41","0,00",54,48,161,810,2862
7086361926,2016-04-29,7881,"7,97","7,97","0,00","0,79","0,72","6,44","0,00",24,36,182,1198,2616
7086361926,2016-04-30,14560,"15,14","15,14","0,00","5,02","1,67","8,43","0,00",42,17,308,584,2995
7086361926,2016-01-05,12390,"12,99","12,99","0,00","3,70","1,45","7,81","0,00",30,15,258,685,2730
7086361926,2016-02-05,10052,"10,96","10,96","0,00","5,60","1,06","4,28","0,00",66,26,139,737,2754
7086361926,2016-03-05,10288,"10,88","10,88","0,00","4,41","1,37","5,09","0,00",57,36,152,761,2754
7086361926,2016-04-05,10988,"13,37","13,37","0,00","8,50","0,19","4,67","0,00",45,12,135,843,2655
7086361926,2016-05-05,8564,"9,01","9,01","0,00","2,86","1,34","4,75","0,00",24,14,149,1253,2386
7086361926,2016-06-05,12461,"13,49","13,49","0,00","6,15","2,30","5,02","0,00",84,35,154,834,2924
7086361926,2016-07-05,12827,"13,65","13,65","0,00","2,35","3,75","7,53","0,00",20,42,209,621,2739
7086361926,2016-08-05,10677,"11,43","11,43","0,00","3,72","2,46","5,23","0,00",32,27,147,695,2534
7086361926,2016-09-05,13566,"14,66","14,66","0,00","6,86","2,75","5,02","0,00",67,50,171,743,2960
7086361926,2016-10-05,14433,"17,36","17,36","0,00","11,44","1,93","3,94","0,00",72,23,106,1182,2800
7086361926,2016-11-05,9572,"10,49","10,49","0,00","4,65","2,24","3,59","0,00",57,40,128,757,2735
7086361926,2016-12-05,3789,"4,12","4,12","0,00","0,61","0,43","3,04","0,00",5,4,58,343,1199
8053475328,2016-12-04,18060,"22,72","22,72","0,00","18,73","0,63","3,38","0,00",116,8,123,1193,3186
8053475328,2016-04-13,16433,"21,48","21,48","0,00","16,79","0,76","3,94","0,00",95,12,156,1177,3140
8053475328,2016-04-14,20159,"25,70","25,70","0,00","19,86","0,34","5,41","0,00",119,5,193,1123,3411
8053475328,2016-04-15,20669,"26,14","26,14","0,00","21,34","0,63","4,17","0,00",132,8,158,1142,3410
8053475328,2016-04-16,14549,"17,88","17,88","0,00","15,06","0,43","2,40","0,00",96,6,83,1255,2867
8053475328,2016-04-17,18827,"22,03","22,03","0,00","14,87","1,29","5,86","0,00",111,21,195,1113,3213
8053475328,2016-04-18,17076,"20,37","20,37","0,00","14,61","0,37","5,39","0,00",102,6,195,1137,3133
8053475328,2016-04-19,15929,"20,08","20,08","0,00","14,84","0,50","4,75","0,00",90,7,191,1152,3114
8053475328,2016-04-20,15108,"19,62","19,62","0,00","15,42","0,37","3,83","0,00",89,5,158,695,3043
8053475328,2016-04-21,16057,"20,13","20,13","0,00","15,56","0,40","4,15","0,00",100,6,170,1164,3103
8053475328,2016-04-22,10520,"13,34","13,34","0,00","10,07","0,24","3,03","0,00",60,3,117,1260,2655
8053475328,2016-04-23,22359,"27,66","27,66","0,00","20,18","1,01","6,47","0,00",125,14,223,741,3554
8053475328,2016-04-24,22988,"28,89","28,89","0,00","21,13","2,49","5,25","0,00",129,33,182,1096,3577
8053475328,2016-04-25,20500,"25,25","25,25","0,00","18,30","0,74","6,21","0,00",118,9,209,1104,3403
8053475328,2016-04-26,12685,"15,48","15,48","0,00","10,15","0,32","4,99","0,00",68,5,185,1182,2846
8053475328,2016-04-27,12422,"15,80","15,80","0,00","10,40","0,69","4,72","0,00",60,10,183,1187,2852
8053475328,2016-04-28,15447,"19,96","19,96","0,00","15,56","0,63","3,78","0,00",90,9,153,1188,3062
8053475328,2016-04-29,12315,"15,53","15,53","0,00","9,93","0,50","5,10","0,00",58,8,159,1215,2794
8053475328,2016-04-30,7135,"9,00","9,00","0,00","4,81","0,10","4,09","0,00",27,1,131,1281,2408
8053475328,2016-01-05,1170,"1,37","1,37","0,00","0,00","0,00","1,37","0,00",0,0,51,1389,1886
8053475328,2016-02-05,1969,"2,30","2,30","0,00","0,00","0,00","2,30","0,00",0,0,95,1345,1988
8053475328,2016-03-05,15484,"19,15","19,15","0,00","13,50","1,50","4,17","0,00",87,22,165,1166,3023
8053475328,2016-04-05,14581,"17,94","17,94","0,00","14,19","0,64","3,07","0,00",89,8,123,1220,2918
8053475328,2016-05-05,14990,"18,52","18,52","0,00","14,24","0,72","3,56","0,00",93,9,130,1208,2950
8053475328,2016-06-05,13953,"17,70","17,70","0,00","14,64","1,11","1,95","0,00",90,15,90,1245,2859
8053475328,2016-07-05,19769,"25,22","25,22","0,00","20,02","1,42","3,78","0,00",121,20,148,1076,3331
8053475328,2016-08-05,22026,"28,40","28,40","0,00","21,57","0,95","5,89","0,00",125,14,228,1073,3589
8053475328,2016-09-05,12465,"15,10","15,10","0,00","9,85","0,92","4,33","0,00",66,12,148,1214,2765
8053475328,2016-10-05,14810,"18,28","18,28","0,00","14,63","0,68","2,98","0,00",96,10,115,1219,2926
8053475328,2016-11-05,12209,"15,13","15,13","0,00","9,78","0,45","4,89","0,00",60,7,184,1189,2809
8053475328,2016-12-05,4998,"6,29","6,29","0,00","4,75","0,32","1,22","0,00",28,4,39,839,1505
8253242879,2016-12-04,9033,"11,52","11,52","0,00","8,74","0,23","2,56","0,00",40,2,154,1244,2044
8253242879,2016-04-13,8053,"9,82","9,82","0,00","6,71","1,01","2,11","0,00",35,11,96,1298,1935
8253242879,2016-04-14,5234,"5,57","5,57","0,00","3,11","1,59","0,87","0,00",29,16,33,1362,1705
8253242879,2016-04-15,2672,"2,85","2,85","0,00","0,00","0,00","2,83","0,00",0,0,105,1335,1632
8253242879,2016-04-16,9256,"9,88","9,88","0,00","0,69","5,26","3,94","0,00",6,51,115,1268,1880
8253242879,2016-04-17,10204,"12,73","12,73","0,00","8,74","0,24","3,75","0,00",41,5,157,1237,2112
8253242879,2016-04-18,5151,"5,60","5,60","0,00","1,67","1,01","2,90","0,00",16,16,130,1278,1829
8253242879,2016-04-19,4212,"4,47","4,47","0,00","0,00","0,00","4,47","0,00",0,0,164,1276,1763
8253242879,2016-04-20,6466,"6,87","6,87","0,00","0,53","1,32","5,01","0,02",5,18,216,1201,1931
8253242879,2016-04-21,11268,"13,78","13,78","0,00","9,46","1,50","2,82","0,00",49,20,172,1199,2218
8253242879,2016-04-22,2824,"3,01","3,01","0,00","0,00","0,00","3,01","0,00",0,0,120,1320,1651
8253242879,2016-04-23,9282,"10,07","10,07","0,00","3,36","1,67","5,04","0,00",30,26,191,1193,2132
8253242879,2016-04-24,8905,"11,47","11,47","0,00","9,01","0,31","2,16","0,00",41,4,82,1313,1976
8253242879,2016-04-25,6829,"7,26","7,26","0,00","0,58","3,85","2,85","0,00",7,54,118,1261,1909
8253242879,2016-04-26,4562,"4,89","4,89","0,00","1,90","0,79","2,20","0,00",19,14,108,1299,1813
8253242879,2016-04-27,10232,"13,16","13,16","0,00","10,04","0,37","2,74","0,00",45,5,104,1286,2008
8253242879,2016-04-28,2718,"2,90","2,90","0,00","1,08","1,26","0,55","0,00",11,16,20,1393,1580
8253242879,2016-04-29,6260,"6,86","6,86","0,00","2,08","0,87","3,86","0,00",16,14,136,1257,1854
8253242879,2016-04-30,0,"0,00","0,00","0,00","0,00","0,00","0,00","0,00",0,0,0,1440,0
8378563200,2016-12-04,7626,"9,74","9,74","3,62","1,34","1,14","7,24","0,00",65,15,156,723,3635
8378563200,2016-04-13,12386,"15,80","15,80","3,36","7,98","1,05","6,78","0,00",116,14,169,680,4079
8378563200,2016-04-14,13318,"16,99","16,99","3,62","9,04","1,66","6,29","0,00",123,21,174,699,4163
8378563200,2016-04-15,14461,"18,46","18,46","0,00","7,90","1,85","8,71","0,00",60,23,190,729,3666
8378563200,2016-04-16,11207,"14,31","14,31","0,00","8,64","1,72","3,93","0,00",64,21,142,563,3363
8378563200,2016-04-17,2132,"2,72","2,72","0,00","0,00","0,00","2,72","0,00",0,0,93,599,2572
8378563200,2016-04-18,13630,"17,40","17,40","3,36","8,13","0,90","8,37","0,00",117,10,174,720,4157
8378563200,2016-04-19,13070,"16,67","16,67","3,62","8,53","1,42","6,73","0,00",120,19,154,737,4092
8378563200,2016-04-20,9388,"11,97","11,97","3,36","3,59","0,71","7,69","0,00",82,8,169,763,3787
8378563200,2016-04-21,15148,"19,33","19,33","3,62","11,10","1,32","6,90","0,00",137,16,145,677,4236
8378563200,2016-04-22,12200,"15,56","15,56","3,36","7,90","0,95","6,73","0,00",113,12,159,769,4044
8378563200,2016-04-23,5709,"7,29","7,29","0,00","2,45","0,84","3,99","0,00",19,10,136,740,2908
8378563200,2016-04-24,3703,"4,73","4,73","0,00","0,00","0,00","4,73","0,00",0,0,135,734,2741
8378563200,2016-04-25,12405,"15,84","15,84","3,36","8,13","1,40","6,31","0,00",117,16,141,692,4005
8378563200,2016-04-26,16208,"20,68","20,68","0,00","12,09","1,48","7,11","0,00",90,18,161,593,3763
8378563200,2016-04-27,7359,"9,40","9,40","0,00","0,53","0,29","8,58","0,00",4,4,192,676,3061
8378563200,2016-04-28,5417,"6,92","6,92","0,00","1,45","0,79","4,68","0,00",11,10,139,711,2884
8378563200,2016-04-29,6175,"7,89","7,89","0,00","0,40","0,58","6,87","0,00",3,7,172,767,2982
8378563200,2016-04-30,2946,"3,77","3,77","0,00","0,00","0,00","3,77","0,00",0,0,121,780,2660
8378563200,2016-01-05,11419,"14,58","14,58","0,00","9,70","0,90","3,98","0,00",71,10,127,669,3369
8378563200,2016-02-05,6064,"7,74","7,74","3,36","1,01","0,27","6,45","0,00",63,4,142,802,3491
8378563200,2016-03-05,8712,"11,12","11,12","3,62","2,16","1,71","7,24","0,00",71,20,195,822,3784
8378563200,2016-04-05,7875,"10,04","10,04","0,00","2,51","0,79","6,76","0,00",19,10,167,680,3110
8378563200,2016-05-05,8567,"10,93","10,93","3,62","1,43","0,26","9,24","0,00",66,3,214,764,3783
8378563200,2016-06-05,7045,"9,00","9,00","3,36","2,49","0,40","6,08","0,00",74,5,166,831,3644
8378563200,2016-07-05,4468,"5,70","5,70","0,00","0,00","0,00","5,70","0,00",0,0,158,851,2799
8378563200,2016-08-05,2943,"3,75","3,75","0,00","0,00","0,00","3,75","0,00",0,0,139,621,2685
8378563200,2016-09-05,8382,"10,70","10,70","3,36","2,04","1,06","7,60","0,00",71,13,171,772,3721
8378563200,2016-10-05,6582,"8,40","8,40","3,62","1,06","1,03","6,31","0,00",63,13,152,840,3586
8378563200,2016-11-05,9143,"11,67","11,67","3,36","2,24","0,95","8,48","0,00",72,10,184,763,3788
8378563200,2016-12-05,4561,"5,83","5,83","0,00","1,05","0,43","4,33","0,00",8,6,102,433,1976
8583815059,2016-12-04,5014,"6,29","6,29","0,00","0,00","0,53","5,76","0,00",0,7,196,1237,2650
8583815059,2016-04-13,5571,"7,00","7,00","0,00","0,24","1,56","5,20","0,00",2,23,163,1252,2654
8583815059,2016-04-14,3135,"3,94","3,94","0,00","0,00","0,00","3,91","0,00",0,0,134,1306,2443
8583815059,2016-04-15,3430,"4,31","4,31","0,00","0,00","0,00","1,45","0,00",0,0,65,1375,2505
8583815059,2016-04-16,5319,"6,68","6,68","0,00","0,00","0,00","0,00","0,00",0,0,0,1440,2693
8583815059,2016-04-17,3008,"3,78","3,78","0,00","0,00","0,00","0,00","0,00",0,0,0,1440,2439
8583815059,2016-04-18,3864,"4,84","4,84","0,00","0,50","1,71","2,17","0,00",4,22,105,1309,2536
8583815059,2016-04-19,5697,"7,15","7,15","0,00","0,85","0,77","5,54","0,00",7,10,166,1257,2668
8583815059,2016-04-20,5273,"6,61","6,61","0,00","0,00","1,67","4,94","0,00",0,27,167,1246,2647
8583815059,2016-04-21,8538,"10,72","10,72","0,00","4,23","1,64","4,84","0,00",35,18,158,1229,2883
8583815059,2016-04-22,8687,"10,91","10,91","0,00","0,47","3,88","6,57","0,00",4,54,212,1170,2944
8583815059,2016-04-23,9423,"11,83","11,83","0,00","0,85","3,27","7,64","0,00",7,44,238,1151,3012
8583815059,2016-04-24,8286,"10,40","10,40","0,00","0,24","3,30","6,87","0,00",2,44,206,1188,2889
8583815059,2016-04-25,4503,"5,65","5,65","0,00","2,37","0,39","2,91","0,00",18,6,122,1294,2547
8583815059,2016-04-26,10499,"13,18","13,18","0,00","0,11","6,79","6,26","0,00",1,91,214,1134,3093
8583815059,2016-04-27,12474,"15,66","15,66","0,00","10,62","0,43","4,62","0,00",77,5,129,1229,3142
8583815059,2016-04-28,6174,"7,76","7,76","0,00","0,00","1,93","5,81","0,00",0,28,203,1209,2757
8583815059,2016-04-29,15168,"19,04","19,04","0,00","6,28","4,83","7,92","0,00",46,67,258,1069,3513
8583815059,2016-04-30,10085,"12,67","12,67","0,00","0,24","2,06","10,35","0,00",2,28,317,1093,3164
8583815059,2016-01-05,4512,"5,66","5,66","0,00","1,26","0,19","3,28","0,00",10,2,117,1311,2596
8583815059,2016-02-05,8469,"10,64","10,64","0,00","0,00","0,00","0,00","0,00",0,0,0,1440,2894
8583815059,2016-03-05,12015,"15,08","15,08","0,00","0,00","0,00","0,00","0,00",0,0,0,1440,3212
8583815059,2016-04-05,3588,"4,51","4,51","0,00","0,00","0,00","0,00","0,00",0,0,0,1440,2516
8583815059,2016-05-05,12427,"15,59","15,59","0,00","0,00","0,00","1,90","0,00",0,0,70,1370,3266
8583815059,2016-06-05,5843,"7,34","7,34","0,00","0,23","1,92","5,20","0,00",2,22,166,1250,2683
8583815059,2016-07-05,6117,"7,68","7,68","0,00","0,00","0,00","7,68","0,00",0,0,250,1190,2810
8583815059,2016-08-05,9217,"11,57","11,57","0,00","0,35","5,33","5,89","0,00",3,72,182,1183,2940
8583815059,2016-09-05,9877,"12,39","12,39","0,00","9,27","0,27","2,78","0,00",66,4,110,1260,2947
8583815059,2016-10-05,8240,"10,35","10,35","0,00","1,11","3,23","5,99","0,00",9,43,162,1226,2846
8583815059,2016-11-05,8701,"10,93","10,93","0,00","0,60","5,21","5,10","0,00",5,71,177,1106,2804
8583815059,2016-12-05,0,"0,00","0,00","0,00","0,00","0,00","0,00","0,00",0,0,0,1440,0
8792009665,2016-12-04,2564,"2,64","2,64","0,00","0,00","0,00","2,64","0,00",0,0,116,831,2044
8792009665,2016-04-13,1320,"1,35","1,35","0,00","0,00","0,00","1,35","0,00",0,0,82,806,1934
8792009665,2016-04-14,1219,"1,26","1,26","0,00","0,00","0,00","1,26","0,00",0,0,84,853,1963
8792009665,2016-04-15,2483,"2,56","2,56","0,00","0,00","0,00","2,56","0,00",0,0,126,937,2009
8792009665,2016-04-16,244,"0,26","0,26","0,00","0,00","0,00","0,26","0,00",0,0,12,1428,1721
8792009665,2016-04-17,0,"0,00","0,00","0,00","0,00","0,00","0,00","0,00",0,0,0,1440,1688
8792009665,2016-04-18,0,"0,00","0,00","0,00","0,00","0,00","0,00","0,00",0,0,0,1440,1688
8792009665,2016-04-19,0,"0,00","0,00","0,00","0,00","0,00","0,00","0,00",0,0,0,1440,1688
8792009665,2016-04-20,3147,"3,23","3,23","0,00","0,00","0,45","2,80","0,00",0,10,139,744,2188
8792009665,2016-04-21,144,"0,14","0,14","0,00","0,00","0,00","0,14","0,00",0,0,9,1431,1720
8792009665,2016-04-22,4068,"4,18","4,18","0,00","0,08","0,45","3,65","0,00",1,20,195,817,2419
8792009665,2016-04-23,5245,"5,41","5,41","0,00","0,26","0,71","4,43","0,00",8,45,232,795,2748
8792009665,2016-04-24,400,"0,42","0,42","0,00","0,06","0,08","0,26","0,00",3,8,19,1410,1799
8792009665,2016-04-25,0,"0,00","0,00","0,00","0,00","0,00","0,00","0,00",0,0,0,1440,1688
8792009665,2016-04-26,1321,"1,37","1,37","0,00","0,00","0,00","1,37","0,00",0,0,80,1360,1928
8792009665,2016-04-27,1758,"1,82","1,82","0,00","0,00","0,00","1,82","0,00",0,0,112,900,2067
8792009665,2016-04-28,6157,"6,34","6,34","0,00","0,00","0,00","6,34","0,00",0,0,310,714,2780
8792009665,2016-04-29,8360,"8,61","8,61","0,00","0,23","0,45","7,93","0,00",6,14,380,634,3101
8792009665,2016-04-30,7174,"7,39","7,39","0,00","0,53","0,58","6,29","0,00",10,20,301,749,2896
8792009665,2016-01-05,1619,"1,67","1,67","0,00","0,00","0,00","1,67","0,00",0,0,79,834,1962
8792009665,2016-02-05,1831,"1,88","1,88","0,00","0,00","0,00","1,88","0,00",0,0,101,916,2015
8792009665,2016-03-05,2421,"2,49","2,49","0,00","0,00","0,00","2,49","0,00",0,0,156,739,2297
8792009665,2016-04-05,2283,"2,35","2,35","0,00","0,00","0,00","2,35","0,00",0,0,129,848,2067
8792009665,2016-05-05,0,"0,00","0,00","0,00","0,00","0,00","0,00","0,00",0,0,0,1440,1688
8792009665,2016-06-05,0,"0,00","0,00","0,00","0,00","0,00","0,00","0,00",0,0,0,1440,1688
8792009665,2016-07-05,0,"0,00","0,00","0,00","0,00","0,00","0,00","0,00",0,0,0,1440,1688
8792009665,2016-08-05,0,"0,00","0,00","0,00","0,00","0,00","0,00","0,00",0,0,0,1440,1688
8792009665,2016-09-05,0,"0,00","0,00","0,00","0,00","0,00","0,00","0,00",0,0,0,1440,1688
8792009665,2016-10-05,0,"0,00","0,00","0,00","0,00","0,00","0,00","0,00",0,0,0,48,57
8877689391,2016-12-04,23186,"32,83","32,83","0,00","19,67","0,55","12,59","0,00",85,7,312,1036,3921
8877689391,2016-04-13,15337,"15,42","15,42","0,00","5,71","0,61","9,08","0,00",108,18,216,1098,3566
8877689391,2016-04-14,21129,"30,55","30,55","0,00","16,98","0,95","12,47","0,03",68,13,298,1061,3793
8877689391,2016-04-15,13422,"11,54","11,54","0,00","0,08","0,08","11,28","0,02",106,1,281,1052,3934
8877689391,2016-04-16,29326,"40,70","40,70","0,00","21,31","1,95","17,24","0,00",94,29,429,888,4547
8877689391,2016-04-17,15118,"14,27","14,27","0,00","0,00","0,11","14,15","0,00",58,15,307,1060,3545
8877689391,2016-04-18,11423,"13,95","13,95","0,00","3,93","0,43","9,56","0,00",29,5,191,1215,2761
8877689391,2016-04-19,18785,"28,00","28,00","0,00","19,55","0,29","8,09","0,00",82,13,214,1131,3676
8877689391,2016-04-20,19948,"29,15","29,15","0,00","17,73","1,11","10,20","0,00",73,19,225,1123,3679
8877689391,2016-04-21,19377,"28,36","28,36","0,00","19,78","0,68","7,87","0,00",82,13,226,1119,3659
8877689391,2016-04-22,18258,"26,25","26,25","0,00","16,46","0,05","9,61","0,08",61,2,236,1141,3427
8877689391,2016-04-23,11200,"11,96","11,96","0,00","0,00","0,00","11,91","0,02",102,6,300,1032,3891
8877689391,2016-04-24,16674,"25,33","25,33","0,00","17,72","0,02","7,55","0,00",64,1,227,1148,3455
8877689391,2016-04-25,12986,"14,07","14,07","0,00","3,81","0,11","10,09","0,02",113,8,218,1101,3802
8877689391,2016-04-26,11101,"13,57","13,57","0,00","2,83","0,21","10,46","0,00",22,3,258,1157,2860
8877689391,2016-04-27,23629,"33,23","33,23","0,00","21,03","0,71","11,43","0,00",93,8,235,1104,3808
8877689391,2016-04-28,14890,"18,19","18,19","0,00","7,93","0,61","9,61","0,00",58,8,231,1143,3060
8877689391,2016-04-29,9733,"11,89","11,89","0,00","2,22","0,27","9,32","0,00",18,5,210,1207,2698
8877689391,2016-04-30,27745,"43,00","43,00","0,00","34,86","0,13","7,93","0,00",124,4,223,1089,4398
8877689391,2016-01-05,10930,"13,39","13,39","0,00","5,04","0,92","7,35","0,00",36,12,166,1226,2786
8877689391,2016-02-05,4790,"5,86","5,86","0,00","0,00","0,00","5,73","0,00",0,0,105,1335,2189
8877689391,2016-03-05,10818,"13,21","13,21","0,00","2,24","0,16","10,73","0,02",19,3,229,1189,2817
8877689391,2016-04-05,18193,"26,23","26,23","0,00","16,77","0,50","8,90","0,00",66,8,212,1154,3477
8877689391,2016-05-05,14055,"17,17","17,17","0,00","8,79","1,32","7,03","0,00",67,15,188,1170,3052
8877689391,2016-06-05,21727,"31,12","31,12","0,00","20,58","0,47","9,91","0,00",96,17,232,1095,4015
8877689391,2016-07-05,12332,"13,08","13,08","0,00","0,13","1,54","11,25","0,00",105,28,271,1036,4142
8877689391,2016-08-05,10686,"13,05","13,05","0,00","1,74","0,32","10,94","0,00",17,4,245,1174,2847
8877689391,2016-09-05,20226,"29,37","29,37","0,00","17,86","1,29","10,04","0,08",73,19,217,1131,3710
8877689391,2016-10-05,10733,"13,12","13,12","0,00","2,17","0,74","10,11","0,00",18,11,224,1187,2832
8877689391,2016-11-05,21420,"31,48","31,48","0,00","21,28","0,66","9,48","0,00",88,12,213,1127,3832
8877689391,2016-12-05,8064,"9,85","9,85","0,00","2,93","0,06","6,84","0,00",23,1,137,770,1849